"id","hierarchy_level","immediate_higher_level_sales_unit_id","sales_unit_id","country","country_iso_code","gssn_classic_id","company_id","vbet"
"8540",1,NULL,"GS0011294","Germany","DE","XC00000114","GC0009056","VP/V"
"8541",2,"GS0011294","GS0004650","France","FR","1452799","GC0003276","531"
"8542",3,"GS0004650","GS0028184","France","FR","XY03657851","GC0022699",NULL
"8543",3,"GS0004650","GS0013122","Martinique","MQ","XY03643643","GC0010557",NULL
"8544",3,"GS0004650","GS00101669","France","FR","GP00001573","GC00101594","53106553"
"8545",3,"GS0004650","GS0036235","France","FR","XY03663836","GC0028968","53101213"
"8546",3,"GS0004650","GS0029151","France","FR","XY03658560","GC0023492",NULL
"8547",3,"GS0004650","GS0005479","France","FR","5310003962","GC0003992","53106306"
"8548",3,"GS0004650","GS0005416","France","FR","5310001055","GC0003941",NULL
"8549",3,"GS0004650","GS0015614","France","FR","XY03647566","GC0012363","53106416"
"8550",3,"GS0004650","GS0005438","France","FR","5310001812","GC0003959","53106385"
"8551",3,"GS0004650","GS0005374","France","FR","5310000491","GC0003906","53100491"
"8552",3,"GS0004650","GS0032614","France","FR","XY03661310","GC0026318","53100860"
"8553",3,"GS0004650","GS0030624","France","FR","XY03659713","GC0024663","53106517"
"8554",3,"GS0004650","GS0005499","France","FR","5310004443","GC0004000","53106348"
"8555",3,"GS0004650","GS0005571","France","FR","5310008727","GC0004056","53105727"
"8556",3,"GS0004650","GS0017399","France","FR","XY03649509","GC0013613","53106426"
"8557",3,"GS0004650","GS0017148","France","FR","XY03649249","GC0013376",NULL
"8558",3,"GS0004650","GS0005430","France","FR","5310001735","GC0003954","53101735"
"8559",3,"GS0004650","GS0005424","France","FR","5310001310","GC0003948","53101310"
"8560",3,"GS0004650","GS0048640","France","FR","XY03673399","GC0038515","53106533"
"8561",3,"GS0004650","GS0005516","France","FR","5310005030","GC0004012",NULL
"8562",3,"GS0004650","GS0005434","France","FR","5310001796","GC0003956","53106505"
"8563",3,"GS0004650","GS0005389","France","FR","5310000650","GC0003920","53106350"
"8564",3,"GS0004650","GS0034534","France","FR","XY03662724","GC0027818","53100270"
"8565",3,"GS0004650","GS0021834","France","FR","XY03654237","GC0017226","53106452"
"8566",3,"GS0004650","GS0005373","France","FR","5310000479","GC0003905","53100466"
"8567",3,"GS0004650","GS0005696","France","FR","5310011105","GC0004159","53104462"
"8568",3,"GS0004650","GS0005552","France","FR","5310006303","GC0004039",NULL
"8569",3,"GS0004650","GS0030987","France","FR","XY03659998","GC0024963","53106453"
"8570",3,"GS0004650","GS0005401","France","FR","5310000755","GC0003930","53100755"
"8571",3,"GS0004650","GS0032864","France","FR","XY03661518","GC0026503","53106469"
"8572",3,"GS0004650","GS0005519","France","FR","5310005082","GC0004014","53106323"
"8573",3,"GS0004650","GS0005503","France","FR","5310004461","GC0004004","53104461"
"8574",3,"GS0004650","GS0046006","France","FR","XY03671322","GC0036387","53100360"
"8575",3,"GS0004650","GS0005563","France","FR","5310006339","GC0004049","53106339"
"8576",3,"GS0004650","GS0005454","France","FR","5310003114","GC0003972","53103114"
"8577",3,"GS0004650","GS0005542","France","FR","5310005550","GC0004030","53105550"
"8578",3,"GS0004650","GS0005361","France","FR","5310000263","GC0003893","53100263"
"8579",3,"GS0004650","GS0005447","France","FR","5310002710","GC0003967","53102710"
"8580",3,"GS0004650","GS0017796","Martinique","MQ","XY03649967","GC0013924","53105002"
"8581",3,"GS0004650","GS0005440","France","FR","5310001970","GC0003961","53106375"
"8582",3,"GS0004650","GS0005617","France","FR","5310010174","GC0004092","53106370"
"8583",3,"GS0004650","GS0005365","France","FR","5310000305","GC0003897","53106409"
"8584",3,"GS0004650","GS0005360","France","FR","5310000155","GC0003892","53106356"
"8585",3,"GS0004650","GS0005482","France","FR","5310004250","GC0003994","53104250"
"8586",3,"GS0004650","GS00104225","France","FR","GP00004081","GC00104029","53101058"
"8587",3,"GS0004650","GS0005436","France","FR","5310001800","GC0003958","53101800"
"8588",3,"GS0004650","GS0005398","France","FR","5310000736","GC0003927","53106479"
"8589",3,"GS0004650","GS0005478","France","FR","5310003881","GC0003991","53103881"
"8590",3,"GS0004650","GS0050370","France","FR","XY03674698","GC0039895","53106937"
"8591",3,"GS0004650","GS0005468","France","FR","5310003570","GC0003982","53106337"
"8592",3,"GS0004650","GS0005414","France","FR","5310001048","GC0003940",NULL
"8593",3,"GS0004650","GS0005523","France","FR","5310005117","GC0004017","53106377"
"8594",3,"GS0004650","GS0005548","France","FR","5310006213","GC0004035","53106213"
"8595",3,"GS0004650","GS0005457","France","FR","5310003134","GC0003975","53103134"
"8596",3,"GS0004650","GS0005393","France","FR","5310000680","GC0003923","53100680"
"8597",3,"GS0004650","GS0005508","France","FR","5310004850","GC0004007","53106316"
"8598",3,"GS0004650","GS0005509","France","FR","5310004855","GC0004008","53106355"
"8599",3,"GS0004650","GS0005427","France","FR","5310001450","GC0003951","53106441"
"8600",3,"GS0004650","GS0005399","France","FR","5310000738","GC0003928","53106352"
"8601",3,"GS0004650","GS0043565","France","FR","XY03669434","GC0034629","53101830"
"8602",3,"GS0004650","GS0005354","France","FR","5310000112","GC0003887","53106342"
"8603",3,"GS0004650","GS0005385","France","FR","5310000583","GC0003917",NULL
"8604",3,"GS0004650","GS0005421","France","FR","5310001100","GC0003945","53101100"
"8605",3,"GS0004650","GS0005522","France","FR","5310005116","GC0004016","53105116"
"8606",3,"GS0004650","GS0015522","France","FR","XY03647467","GC0012307",NULL
"8607",3,"GS0004650","GS0014401","France","FR","XY03645893","GC0011485","53106411"
"8608",3,"GS0004650","GS0014597","France","FR","XY03646199","GC0011640",NULL
"8609",3,"GS0004650","GS0005375","France","FR","5310000500","GC0003907","53100500"
"8610",3,"GS0004650","GS0005476","France","FR","5310003862","GC0003989","53103862"
"8611",3,"GS0004650","GS0005526","France","FR","5310005132","GC0004018","53105132"
"8612",3,"GS0004650","GS0034773","France","FR","XY03662871","GC0027981","53106484"
"8613",3,"GS0004650","GS0005370","France","FR","5310000400","GC0003902","53100400"
"8614",3,"GS0004650","GS0005527","France","FR","5310005153","GC0004019","53106332"
"8615",3,"GS0004650","GS0005193","Reunion Island","RE","FR000001","GC0003744","53104901"
"8616",3,"GS0004650","GS0054082","France","FR","XY03677737","GC0043141","53106543"
"8617",3,"GS0004650","GS0005469","France","FR","5310003600","GC0003983","53106438"
"8618",3,"GS0004650","GS0032605","France","FR","XY03661306","GC0026314","53106518"
"8619",3,"GS0004650","GS0005419","France","FR","5310001059","GC0003944","53106507"
"8620",3,"GS0004650","GS0012401","France","FR","XY03642370","GC0010071","53106494"
"8621",3,"GS0004650","GS0015335","France","FR","XY03647238","GC0012156",NULL
"8622",3,"GS0004650","GS0005210","France","FR","FR000018","GC0003756",NULL
"8623",3,"GS0004650","GS0030017","France","FR","XY03659236","GC0024210","53100800"
"8624",3,"GS0004650","GS0005444","France","FR","5310002500","GC0003965","53106369"
"8625",3,"GS0004650","GS0005530","France","FR","5310005190","GC0004021","53105190"
"8626",4,"GS0005530","GS0005413","France","FR","5310001046","GC0004021","53101046"
"8627",4,"GS0005530","GS0005460","France","FR","5310003392","GC0004021","53103392"
"8628",4,"GS0005530","GS0091200","France","FR","XY03711872","GC0004021","53103394"
"8629",3,"GS0004650","GS0013184","France","FR","XY03643775","GC0010598","53106386"
"8630",3,"GS0004650","GS0005407","France","FR","5310000875","GC0003935","53100875"
"8631",3,"GS0004650","GS00105693","France","FR","GS00105693","GC00105412",NULL
"8632",3,"GS0004650","GS0005487","France","FR","5310004260","GC0003996","53104260"
"8633",3,"GS0004650","GS0005535","France","FR","5310005257","GC0004024","53105257"
"8634",3,"GS0004650","GS0021634","France","FR","XY03654029","GC0017058","53106451"
"8635",3,"GS0004650","GS0013121","Guadeloupe","GP","XY03643642","GC0010556","53106473"
"8636",3,"GS0004650","GS0005533","France","FR","5310005237","GC0004023",NULL
"8637",3,"GS0004650","GS0029399","France","FR","XY03658768","GC0023704","53106462"
"8638",3,"GS0004650","GS0025519","France","FR","XY03655393","GC0020716","53100040"
"8639",3,"GS0004650","GS0005537","France","FR","5310005337","GC0004025","53105337"
"8640",3,"GS0004650","GS0005347","France","FR","5310000063","GC0003883","53106424"
"8641",3,"GS0004650","GS0005394","France","FR","5310000690","GC0003924","53100690"
"8642",3,"GS0004650","GS0005380","France","FR","5310000550","GC0003912",NULL
"8643",3,"GS0004650","GS0005462","France","FR","5310003442","GC0003979","53103442"
"8644",3,"GS0004650","GS0012270","France","FR","XY03642030","GC0009972","53106423"
"8645",3,"GS0004650","GS0005528","France","FR","5310005166","GC0004020",NULL
"8646",3,"GS0004650","GS0036576","France","FR","XY03664127","GC0029284","53100505"
"8647",3,"GS0004650","GS0062004","France","FR","XY03684838","GC0050475","53100087"
"8648",3,"GS0004650","GS0036233","France","FR","XY03663834","GC0028967","53106475"
"8649",3,"GS0004650","GS0005422","France","FR","5310001200","GC0003946","53106393"
"8650",3,"GS0004650","GS0005211","France","FR","FR000019","GC0003757",NULL
"8651",3,"GS0004650","GS0005574","France","FR","5310008745","GC0004058","53105745"
"8652",3,"GS0004650","GS0005474","France","FR","5310003855","GC0003987","53106330"
"8653",3,"GS0004650","GS0005396","France","FR","5310000726","GC0003925","53100726"
"8654",3,"GS0004650","GS0005431","France","FR","5310001758","GC0003955",NULL
"8655",3,"GS0004650","GS0034922","France","FR","XY03662965","GC0028070","53106439"
"8656",3,"GS0004650","GS0005350","France","FR","5310000082","GC0003885","53106456"
"8657",3,"GS0004650","GS0042830","France","FR","XY03668922","GC0034111","53106395"
"8658",3,"GS0004650","GS0005558","France","FR","5310006314","GC0004045","53106314"
"8659",3,"GS0004650","GS0051064","France","FR","XY03675225","GC0040454","53101620"
"8660",3,"GS0004650","GS0005467","France","FR","5310003485","GC0003981","53103485"
"8661",3,"GS0004650","GS0062003","France","FR","XY03684837","GC0050474","53106545"
"8662",3,"GS0004650","GS0005576","France","FR","5310008750","GC0004060",NULL
"8663",3,"GS0004650","GS0005459","France","FR","5310003390","GC0003977","53103390"
"8664",3,"GS0004650","GS0028443","France","FR","XY03658063","GC0022911","53106478"
"8665",3,"GS0004650","GS00101666","France","FR","GP00001571","GC00101592","53106552"
"8666",3,"GS0004650","GS0037854","France","FR","XY03665181","GC0030421","53106493"
"8667",3,"GS0004650","GS0005449","France","FR","5310002747","GC0003969","53106338"
"8668",3,"GS0004650","GS0005465","France","FR","5310003468","GC0003980","53103468"
"8669",3,"GS0004650","GS0005368","France","FR","5310000334","GC0003900","53100334"
"8670",3,"GS0004650","GS0005484","France","FR","5310004256","GC0003995","53106320"
"8671",3,"GS0004650","GS0005428","France","FR","5310001500","GC0003952","53106311"
"8672",3,"GS0004650","GS0030030","France","FR","XY03659246","GC0024220",NULL
"8673",3,"GS0004650","GS0005538","France","FR","5310005360","GC0004026","53105360"
"8674",3,"GS0004650","GS0005517","France","FR","5310005070","GC0004013","53105070"
"8675",3,"GS0004650","GS0005570","France","FR","5310008725","GC0004055","53105725"
"8676",3,"GS0004650","GS0005379","France","FR","5310000525","GC0003911","53106432"
"8677",3,"GS0004650","GS0005441","France","FR","5310002050","GC0003962","53102050"
"8678",3,"GS0004650","GS0005575","France","FR","5310008748","GC0004059",NULL
"8679",3,"GS0004650","GS0005545","France","FR","5310005730","GC0004032",NULL
"8680",3,"GS0004650","GS0005404","France","FR","5310000855","GC0003933","53100855"
"8681",3,"GS0004650","GS0005480","France","FR","5310004200","GC0003993","53106329"
"8682",3,"GS0004650","GS0045124","France","FR","XY03670599","GC0035766","53100190"
"8683",3,"GS0004650","GS0005518","France","FR","5310005080","GC0010697","53106491"
"8684",3,"GS0004650","GS0013129","France","FR","XY03643655","GC0010561",NULL
"8685",3,"GS0004650","GS0037185","France","FR","XY03664681","GC0029853","53101809"
"8686",3,"GS0004650","GS0021250","France","FR","XY03653628","GC0016729",NULL
"8687",3,"GS0004650","GS0005397","France","FR","5310000730","GC0003926","53106509"
"8688",3,"GS0004650","GS0005383","France","FR","5310000565","GC0003915","53106495"
"8689",3,"GS0004650","GS0005400","France","FR","5310000751","GC0003929","53100751"
"8690",3,"GS0004650","GS0005452","France","FR","5310003045","GC0003970","53103043"
"8691",3,"GS0004650","GS0005442","France","FR","5310002204","GC0003963","53102204"
"8692",3,"GS0004650","GS0005429","France","FR","5310001513","GC0003953",NULL
"8693",3,"GS0004650","GS0005386","France","FR","5310000614","GC0003918","53100614"
"8694",3,"GS0004650","GS0005497","France","FR","5310004412","GC0003999","53104412"
"8695",3,"GS0004650","GS0005377","France","FR","5310000519","GC0003909","53100519"
"8696",3,"GS0004650","GS0005196","France","FR","FR000004","GC0003746","53104859"
"8697",3,"GS0004650","GS0005390","France","FR","5310000651","GC0003921","53100651"
"8698",3,"GS0004650","GS0005378","France","FR","5310000520","GC0003910","53106483"
"8699",3,"GS0004650","GS0013304","France","FR","XY03643960","GC0010667","53104727"
"8700",3,"GS0004650","GS0012273","France","FR","XY03642033","GC0009973","53101312"
"8701",3,"GS0004650","GS0005500","France","FR","5310004444","GC0004001","53103337"
"8702",3,"GS0004650","GS0017607","France","FR","XY03649736","GC0013765","53106427"
"8703",3,"GS0004650","GS0005475","France","FR","5310003861","GC0003988","53103861"
"8704",3,"GS0004650","GS0003377","French Guiana","GF","10582","GC0002421",NULL
"8705",2,"GS0011294","GS0004672","Italy","IT","1452825","GC0003295","543"
"8706",3,"GS0004672","GS0029977","Italy","IT","XY03659206","GC0024178","54317000"
"8707",3,"GS0004672","GS0042381","Italy","IT","XY03668607","GC0033779",NULL
"8708",3,"GS0004672","GS0004370","Italy","IT","543089","GC0003094","54314120"
"8709",3,"GS0004672","GS0010409","Italy","IT","DE03641718","GC0008299","54313290"
"8710",3,"GS0004672","GS0031678","Italy","IT","XY03660528","GC0021119",NULL
"8711",3,"GS0004672","GS0004549","Italy","IT","543270","GC0003207","54323120"
"8712",3,"GS0004672","GS0004372","Italy","IT","543091","GC0003096","54312070"
"8713",3,"GS0004672","GS0030356","Italy","IT","XY03659508","GC0024462","54398810"
"8714",3,"GS0004672","GS0004375","Italy","IT","543094","GC0003099","54326030"
"8715",3,"GS0004672","GS0049173","Italy","IT","XY03673764","GC0030259","54320940"
"8716",3,"GS0004672","GS0006187","Italy","IT","AN00001053","GC0004582",NULL
"8717",3,"GS0004672","GS0056338","Italy","IT","XY03679666","GC0045099","54335250"
"8718",3,"GS0004672","GS0029804","Italy","IT","XY03659080","GC0024039",NULL
"8719",3,"GS0004672","GS0004526","Italy","IT","543246","GC0003200","54315270"
"8720",3,"GS0004672","GS0004346","Italy","IT","543065","GC0003077","54311060"
"8721",3,"GS0004672","GS0042948","Italy","IT","XY03669005","GC0014649","54317210"
"8722",3,"GS0004672","GS0004491","Italy","IT","543211","GC0003174","54313270"
"8723",3,"GS0004672","GS0019067","Italy","IT","XY03651317","GC0014934","54316180"
"8724",3,"GS0004672","GS0092286","Italy","IT","XY03712814","GC0079679","54335340"
"8725",3,"GS0004672","GS0038304","Italy","IT","XY03665451","GC0030706",NULL
"8726",3,"GS0004672","GS0040749","Italy","IT","XY03667242","GC0032401","54317300"
"8727",3,"GS0004672","GS0004516","Italy","IT","543236","GC0003191","54313020"
"8728",3,"GS0004672","GS0036635","Italy","IT","XY03664175","GC0029336","54317280"
"8729",3,"GS0004672","GS0037852","Italy","IT","XY03665179","GC0030419","54313420"
"8730",3,"GS0004672","GS0004388","Italy","IT","543107","GC0003110","54316160"
"8731",3,"GS0004672","GS0017358","Italy","IT","XY03649468","GC0013577","54333030"
"8732",3,"GS0004672","GS0014183","Italy","IT","XY03645559","GC0011343",NULL
"8733",3,"GS0004672","GS0042533","Italy","IT","XY03668718","GC0004572",NULL
"8734",3,"GS0004672","GS0040750","Italy","IT","XY03667243","GC0032402","54317290"
"8735",3,"GS0004672","GS0004387","Italy","IT","543106","GC0003109","54317180"
"8736",3,"GS0004672","GS0042569","Italy","IT","XY03668746","GC0033923","54335130"
"8737",3,"GS0004672","GS0050659","Italy","IT","XY03674930","GC0040139","54335230"
"8738",3,"GS0004672","GS0015715","Italy","IT","XY03647684","GC0012446",NULL
"8739",3,"GS0004672","GS0004440","Italy","IT","543159","GC0003155","54340710"
"8740",3,"GS0004672","GS0004344","Italy","IT","543063","GC0003075","54312090"
"8741",3,"GS0004672","GS0091407","Italy","IT","XY03712051","GC0078859","54335320"
"8742",3,"GS0004672","GS0034037","Italy","IT","XY03662443","GC0027535","54335010"
"8743",3,"GS0004672","GS0062296","Italy","IT","XY03685073","GC0050735","54335260"
"8744",3,"GS0004672","GS0004362","Italy","IT","543081","GC0003088","54312240"
"8745",3,"GS0004672","GS0012779","Italy","IT","XY03642989","GC0010315",NULL
"8746",3,"GS0004672","GS0004609","Italy","IT","543330","GC0003240",NULL
"8747",3,"GS0004672","GS0004378","Italy","IT","543097","GC0003102",NULL
"8748",3,"GS0004672","GS0016577","Italy","IT","XY03648628","GC0013058","54315280"
"8749",3,"GS0004672","GS0031801","Italy","IT","XY03660634","GC0025341","54317270"
"8750",3,"GS0004672","GS0041123","Italy","IT","XY03667502","GC0007352","54310361"
"8751",2,"GS0011294","GS0004816","Japan","JP","1453063","GC0003424","839"
"8752",3,"GS0004816","GS0010964","Japan","JP","JP83971412","GC0008760",NULL
"8753",3,"GS0004816","GS0003773","Japan","JP","11011","GC0002694",NULL
"8754",3,"GS0004816","GS0003949","Japan","JP","11187","GC0002804",NULL
"8755",3,"GS0004816","GS0029983","Japan","JP","XY03659212","GC0024184",NULL
"8756",3,"GS0004816","GS0014534","Japan","JP","XY03646117","GC0011588",NULL
"8757",3,"GS0004816","GS0003794","Japan","JP","11032","GC0002699",NULL
"8758",3,"GS0004816","GS0003958","Japan","JP","11196","GC0002808",NULL
"8759",3,"GS0004816","GS0003831","Japan","JP","11069","GC0002707",NULL
"8760",3,"GS0004816","GS0003984","Japan","JP","11222","GC0002827",NULL
"8761",3,"GS0004816","GS0003972","Japan","JP","11210","GC0002818",NULL
"8762",3,"GS0004816","GS0003936","Japan","JP","11174","GC0002797",NULL
"8763",3,"GS0004816","GS0016521","Japan","JP","XY03648567","GC0013020",NULL
"8764",3,"GS0004816","GS0003816","Japan","JP","11054","GC0002705",NULL
"8765",3,"GS0004816","GS0003981","Japan","JP","11219","GC0002825",NULL
"8766",3,"GS0004816","GS0016799","Japan","JP","XY03648883","GC0013211",NULL
"8767",3,"GS0004816","GS0003963","Japan","JP","11201","GC0002810",NULL
"8768",3,"GS0004816","GS0003833","Japan","JP","11071","GC0002709",NULL
"8769",3,"GS0004816","GS0003711","Japan","JP","10949","GC0002672",NULL
"8770",3,"GS0004816","GS0003771","Japan","JP","11009","GC0002693",NULL
"8771",3,"GS0004816","GS0003976","Japan","JP","11214","GC0002822",NULL
"8772",3,"GS0004816","GS0003938","Japan","JP","11176","GC0002799",NULL
"8773",3,"GS0004816","GS0010969","Japan","JP","JP83982732","GC0010530",NULL
"8774",3,"GS0004816","GS0003757","Japan","JP","10995","GC0002691",NULL
"8775",3,"GS0004816","GS0012003","Japan","JP","XC00000891","GC0009756",NULL
"8776",3,"GS0004816","GS0003653","Japan","JP","10891","GC0002662",NULL
"8777",3,"GS0004816","GS0003732","Japan","JP","10970","GC0002680",NULL
"8778",3,"GS0004816","GS0003681","Japan","JP","10919","GC0002667",NULL
"8779",3,"GS0004816","GS0003948","Japan","JP","11186","GC0002803",NULL
"8780",3,"GS0004816","GS0003736","Japan","JP","10974","GC0002684",NULL
"8781",3,"GS0004816","GS0016593","Japan","JP","XY03648645","GC0013071",NULL
"8782",3,"GS0004816","GS0003970","Japan","JP","11208","GC0002817",NULL
"8783",3,"GS0004816","GS0003756","Japan","JP","10994","GC0002690",NULL
"8784",3,"GS0004816","GS0003974","Japan","JP","11212","GC0002820",NULL
"8785",3,"GS0004816","GS0003747","Japan","JP","10985","GC0002687",NULL
"8786",3,"GS0004816","GS0003835","Japan","JP","11073","GC0002710",NULL
"8787",3,"GS0004816","GS0018516","Japan","JP","XY03650748","GC0014475",NULL
"8788",3,"GS0004816","GS0003728","Japan","JP","10966","GC0002679",NULL
"8789",3,"GS0004816","GS0003975","Japan","JP","11213","GC0002821",NULL
"8790",3,"GS0004816","GS0003637","Japan","JP","10875","GC0002654",NULL
"8791",3,"GS0004816","GS0003935","Japan","JP","11173","GC0002796","839"
"8792",3,"GS0004816","GS0003955","Japan","JP","11193","GC0002806",NULL
"8793",3,"GS0004816","GS0003982","Japan","JP","11220","GC0002826",NULL
"8794",3,"GS0004816","GS0003716","Japan","JP","10954","GC0002675",NULL
"8795",3,"GS0004816","GS0003645","Japan","JP","10883","GC0002658",NULL
"8796",3,"GS0004816","GS0014657","Japan","JP","XY03646298","GC0011686",NULL
"8797",3,"GS0004816","GS0003937","Japan","JP","11175","GC0002798",NULL
"8798",3,"GS0004816","GS0048220","Japan","JP","XY03673070","GC0038161",NULL
"8799",3,"GS0004816","GS0003722","Japan","JP","10960","GC0002676",NULL
"8800",3,"GS0004816","GS0016523","Japan","JP","XY03648569","GC0013021",NULL
"8801",3,"GS0004816","GS0003942","Japan","JP","11180","GC0002800",NULL
"8802",3,"GS0004816","GS0003956","Japan","JP","11194","GC0002807",NULL
"8803",3,"GS0004816","GS0003723","Japan","JP","10961","GC0002677",NULL
"8804",3,"GS0004816","GS0003973","Japan","JP","11211","GC0002819",NULL
"8805",3,"GS0004816","GS0003946","Japan","JP","11184","GC0002802",NULL
"8806",3,"GS0004816","GS0010945","Japan","JP","JP83962712","GC0008741",NULL
"8807",3,"GS0004816","GS0003635","Japan","JP","10873","GC0002653",NULL
"8808",3,"GS0004816","GS0010942","Japan","JP","JP83962621","GC0008738",NULL
"8809",3,"GS0004816","GS0003648","Japan","JP","10886","GC0002659",NULL
"8810",3,"GS0004816","GS0014662","Japan","JP","XY03646303","GC0002665",NULL
"8811",3,"GS0004816","GS0003951","Japan","JP","11189","GC0002805",NULL
"8812",3,"GS0004816","GS0003746","Japan","JP","10984","GC0002686",NULL
"8813",3,"GS0004816","GS0003832","Japan","JP","11070","GC0002708",NULL
"8814",3,"GS0004816","GS0003968","Japan","JP","11206","GC0002815",NULL
"8815",2,"GS0011294","GS0004615","Germany","DE","1452741","GC0009056","374"
"8816",3,"GS0004615","GS0014987","Germany","DE","XY03646838","GC0009056",NULL
"8817",3,"GS0004615","GS0000494","Germany","DE","5131","GC0009056","214"
"8818",4,"GS0000494","GS0006293","Germany","DE","AN00002100","GC0009056",NULL
"8819",4,"GS0000494","GS0078170","Germany","DE","XY03699867","GC0009056",NULL
"8820",4,"GS0000494","GS0000754","Germany","DE","5673","GC0009056","21400UN"
"8821",4,"GS0000494","GS0000755","Germany","DE","5674","GC0009056","21400LU"
"8822",4,"GS0000494","GS0015323","Germany","DE","XY03647220","GC0009056","21407"
"8823",4,"GS0000494","GS0001218","Germany","DE","6308","GC0009056","21400HI"
"8824",3,"GS0004615","GS0001114","Germany","DE","6150","GC0009056","212"
"8825",4,"GS0001114","GS0000747","Germany","DE","5664","GC0009056","2120008"
"8826",4,"GS0001114","GS0006292","Germany","DE","AN00002099","GC0009056",NULL
"8827",4,"GS0001114","GS0017147","Germany","DE","XY03649247","GC0009056",NULL
"8828",4,"GS0001114","GS0033908","Germany","DE","XY03662390","GC0009056","2120006"
"8829",4,"GS0001114","GS0000746","Germany","DE","5663","GC0009056","2120005"
"8830",4,"GS0001114","GS0000742","Germany","DE","5659","GC0009056","2120001"
"8831",4,"GS0001114","GS0000743","Germany","DE","5660","GC0009056",NULL
"8832",4,"GS0001114","GS0014421","Germany","DE","XY03645946","GC0009056",NULL
"8833",4,"GS0001114","GS0014127","Germany","DE","XY03645469","GC0009056",NULL
"8834",3,"GS0004615","GS0001117","Germany","DE","6154","GC0065178",NULL
"8835",3,"GS0004615","GS0000756","Germany","DE","5675","GC0065178",NULL
"8836",3,"GS0004615","GS0001084","Germany","DE","6117","GC0009056","226"
"8837",4,"GS0001084","GS0000868","Germany","DE","5797","GC0009056",NULL
"8838",4,"GS0001084","GS0030208","Germany","DE","XY03659399","GC0009056",NULL
"8839",4,"GS0001084","GS0001144","Germany","DE","6188","GC0009056",NULL
"8840",4,"GS0001084","GS0006298","Germany","DE","AN00002105","GC0009056",NULL
"8841",4,"GS0001084","GS0016978","Germany","DE","XY03649075","GC0009056",NULL
"8842",4,"GS0001084","GS00112059","Germany","DE","GS00112059","GC0009056",NULL
"8843",4,"GS0001084","GS0030209","Germany","DE","XY03659400","GC0009056",NULL
"8844",4,"GS0001084","GS00101241","Germany","DE","GP00001130","GC0009056",NULL
"8845",4,"GS0001084","GS0030217","Germany","DE","XY03659404","GC0009056",NULL
"8846",4,"GS0001084","GS0010387","Germany","DE","DE02260301","GC0009056",NULL
"8847",3,"GS0004615","GS0000633","Germany","DE","5313","GC0009056","245"
"8848",4,"GS0000633","GS0017063","Germany","DE","XY03649160","GC0009056",NULL
"8849",4,"GS0000633","GS0001080","Germany","DE","6112","GC0009056",NULL
"8850",4,"GS0000633","GS0000634","Germany","DE","5314","GC0009056",NULL
"8851",3,"GS0004615","GS0000470","Germany","DE","5101","GC0009056",NULL
"8852",4,"GS0000470","GS0078161","Germany","DE","XY03699859","GC0009056",NULL
"8853",3,"GS0004615","GS0000631","Germany","DE","5310","GC0009056",NULL
"8854",4,"GS0000631","GS0001146","Germany","DE","6191","GC0009056",NULL
"8855",4,"GS0000631","GS0001147","Germany","DE","6192","GC0009056",NULL
"8856",4,"GS0000631","GS0001029","Germany","DE","5987","GC0009056",NULL
"8857",4,"GS0000631","GS0006300","Germany","DE","AN00002107","GC0009056",NULL
"8858",4,"GS0000631","GS0001030","Germany","DE","5988","GC0009056",NULL
"8859",3,"GS0004615","GS0000591","Germany","DE","5262","GC0009056",NULL
"8860",4,"GS0000591","GS0000958","Germany","DE","5906","GC0009056",NULL
"8861",4,"GS0000591","GS0012874","Germany","DE","XY03643271","GC0009056",NULL
"8862",4,"GS0000591","GS0022665","Germany","DE","XY03655120","GC0009056",NULL
"8863",4,"GS0000591","GS0000959","Germany","DE","5907","GC0009056",NULL
"8864",4,"GS0000591","GS0000594","Germany","DE","5266","GC0009056",NULL
"8865",4,"GS0000591","GS0020231","Germany","DE","XY03652565","GC0009056",NULL
"8866",4,"GS0000591","GS0017015","Germany","DE","XY03649112","GC0009056",NULL
"8867",4,"GS0000591","GS0033930","Germany","DE","XY03662405","GC0009056",NULL
"8868",3,"GS0004615","GS0001078","Germany","DE","6108","GC0009056",NULL
"8869",4,"GS0001078","GS0017013","Germany","DE","XY03649110","GC0009056",NULL
"8870",4,"GS0001078","GS0000954","Germany","DE","5902","GC0009056",NULL
"8871",4,"GS0001078","GS0017011","Germany","DE","XY03649108","GC0009056",NULL
"8872",4,"GS0001078","GS0000956","Germany","DE","5904","GC0009056",NULL
"8873",4,"GS0001078","GS0019205","Germany","DE","XY03651474","GC0009056",NULL
"8874",4,"GS0001078","GS0017014","Germany","DE","XY03649111","GC0009056",NULL
"8875",4,"GS0001078","GS0014202","Germany","DE","XY03645586","GC0009056",NULL
"8876",4,"GS0001078","GS0020732","Germany","DE","XY03653086","GC0009056",NULL
"8877",3,"GS0004615","GS0076637","Germany","DE","XY03698526","GC0064750","4290"
"8878",3,"GS0004615","GS0019425","Germany","DE","XY03651702","GC0015169",NULL
"8879",3,"GS0004615","GS0016115","Germany","DE","XY03648131","GC0009056",NULL
"8880",3,"GS0004615","GS0034664","Germany","DE","XY03662801","GC0065178",NULL
"8881",3,"GS0004615","GS0000832","Germany","DE","5757","GC0065178",NULL
"8882",3,"GS0004615","GS0001044","Germany","DE","6010","GC0065178",NULL
"8883",3,"GS0004615","GS0000825","Germany","DE","5748","GC0065178",NULL
"8884",3,"GS0004615","GS0000919","Germany","DE","5862","GC0065178",NULL
"8885",3,"GS0004615","GS0000856","Germany","DE","5785","GC0065178",NULL
"8886",3,"GS0004615","GS0015770","Germany","DE","XY03647744","GC0009056","239"
"8887",4,"GS0015770","GS00112065","Germany","DE","GS00112065","GC0009056",NULL
"8888",4,"GS0015770","GS0017044","Germany","DE","XY03649141","GC0009056",NULL
"8889",4,"GS0015770","GS0025842","Germany","DE","XY03655661","GC0009056",NULL
"8890",4,"GS0015770","GS0025840","Germany","DE","XY03655660","GC0009056",NULL
"8891",4,"GS0015770","GS0017045","Germany","DE","XY03649142","GC0009056",NULL
"8892",4,"GS0015770","GS0020870","Germany","DE","XY03653228","GC0009056",NULL
"8893",4,"GS0015770","GS0077123","Germany","DE","XY03698957","GC0009056",NULL
"8894",4,"GS0015770","GS0017043","Germany","DE","XY03649140","GC0009056",NULL
"8895",4,"GS0015770","GS0000570","Germany","DE","5231","GC0009056",NULL
"8896",3,"GS0004615","GS0000644","Germany","DE","5337","GC0065178",NULL
"8897",3,"GS0004615","GS0000639","Germany","DE","5323","GC0009056","249"
"8898",4,"GS0000639","GS0078192","Germany","DE","XY03699888","GC0009056",NULL
"8899",3,"GS0004615","GS0000534","Germany","DE","5185","GC0009056","223"
"8900",4,"GS0000534","GS0014709","Germany","DE","XY03646356","GC0009056",NULL
"8901",4,"GS0000534","GS0014711","Germany","DE","XY03646358","GC0009056",NULL
"8902",4,"GS0000534","GS0014712","Germany","DE","XY03646359","GC0009056",NULL
"8903",3,"GS0004615","GS0000626","Germany","DE","5303","GC0009056",NULL
"8904",4,"GS0000626","GS0025812","Germany","DE","XY03655641","GC0009056",NULL
"8905",4,"GS0000626","GS0001018","Germany","DE","5972","GC0009056",NULL
"8906",4,"GS0000626","GS0026295","Germany","DE","XY03656049","GC0009056",NULL
"8907",4,"GS0000626","GS0017059","Germany","DE","XY03649156","GC0009056",NULL
"8908",4,"GS0000626","GS0017058","Germany","DE","XY03649155","GC0009056",NULL
"8909",4,"GS0000626","GS0037533","Germany","DE","XY03664991","GC0009056",NULL
"8910",4,"GS0000626","GS0013257","Germany","DE","XY03643875","GC0009056",NULL
"8911",4,"GS0000626","GS0017060","Germany","DE","XY03649157","GC0009056",NULL
"8912",4,"GS0000626","GS0025838","Germany","DE","XY03655659","GC0009056",NULL
"8913",3,"GS0004615","GS0000611","Germany","DE","5288","GC0009056",NULL
"8914",4,"GS0000611","GS0001215","Germany","DE","6299","GC0009056",NULL
"8915",4,"GS0000611","GS0000987","Germany","DE","5941","GC0009056",NULL
"8916",3,"GS0004615","GS0001120","Germany","DE","6157","GC0009056","219"
"8917",4,"GS0001120","GS0014142","Germany","DE","XY03645488","GC0009056",NULL
"8918",4,"GS0001120","GS0014138","Germany","DE","XY03645480","GC0009056",NULL
"8919",4,"GS0001120","GS0001126","Germany","DE","6168","GC0009056",NULL
"8920",4,"GS0001120","GS0006296","Germany","DE","AN00002103","GC0009056",NULL
"8921",4,"GS0001120","GS0001125","Germany","DE","6167","GC0009056",NULL
"8922",4,"GS0001120","GS0005182","Germany","DE","DE022757","GC0009056",NULL
"8923",4,"GS0001120","GS0000824","Germany","DE","5747","GC0009056",NULL
"8924",4,"GS0001120","GS0035496","Germany","DE","XY03663342","GC0009056",NULL
"8925",3,"GS0004615","GS0000600","Germany","DE","5276","GC0009056","240"
"8926",4,"GS0000600","GS0001085","Germany","DE","6118","GC0009056",NULL
"8927",4,"GS0000600","GS0017048","Germany","DE","XY03649145","GC0009056",NULL
"8928",4,"GS0000600","GS0032656","Germany","DE","XY03661341","GC0009056",NULL
"8929",4,"GS0000600","GS0034892","Germany","DE","XY03662940","GC0009056",NULL
"8930",4,"GS0000600","GS0000973","Germany","DE","5925","GC0009056",NULL
"8931",4,"GS0000600","GS0017051","Germany","DE","XY03649148","GC0009056",NULL
"8932",4,"GS0000600","GS0017050","Germany","DE","XY03649147","GC0009056",NULL
"8933",4,"GS0000600","GS0017052","Germany","DE","XY03649149","GC0009056",NULL
"8934",4,"GS0000600","GS0017053","Germany","DE","XY03649150","GC0009056",NULL
"8935",4,"GS0000600","GS0000974","Germany","DE","5926","GC0009056",NULL
"8936",3,"GS0004615","GS0046694","Germany","DE","XY03671875","GC0009056","217"
"8937",4,"GS0046694","GS0017119","Germany","DE","XY03649219","GC0009056",NULL
"8938",4,"GS0046694","GS0037305","Germany","DE","XY03664784","GC0009056",NULL
"8939",4,"GS0046694","GS0013646","Germany","DE","XY03644546","GC0009056",NULL
"8940",4,"GS0046694","GS0000507","Germany","DE","5148","GC0009056",NULL
"8941",4,"GS0046694","GS0014137","Germany","DE","XY03645479","GC0009056",NULL
"8942",4,"GS0046694","GS0078191","Germany","DE","XY03699886","GC0009056",NULL
"8943",3,"GS0004615","GS0000578","Germany","DE","5242","GC0009056",NULL
"8944",4,"GS0000578","GS0000931","Germany","DE","5874","GC0009056",NULL
"8945",4,"GS0000578","GS00112063","Germany","DE","GS00112063","GC0009056",NULL
"8946",4,"GS0000578","GS0015305","Germany","DE","XY03647201","GC0009056",NULL
"8947",4,"GS0000578","GS00112062","Germany","DE","GS00112062","GC0009056",NULL
"8948",4,"GS0000578","GS0000930","Germany","DE","5873","GC0009056",NULL
"8949",3,"GS0004615","GS0035398","Germany","DE","XY03663274","GC0065178",NULL
"8950",3,"GS0004615","GS0000943","Germany","DE","5888","GC0065178",NULL
"8951",3,"GS0004615","GS0000475","Germany","DE","5107","GC0009056",NULL
"8952",4,"GS0000475","GS0017037","Germany","DE","XY03649134","GC0009056",NULL
"8953",4,"GS0000475","GS0014123","Germany","DE","XY03645463","GC0009056",NULL
"8954",4,"GS0000475","GS0017038","Germany","DE","XY03649135","GC0009056",NULL
"8955",4,"GS0000475","GS0018150","Germany","DE","XY03650349","GC0009056",NULL
"8956",3,"GS0004615","GS0010844","Germany","DE","GB00000001","GC0009056",NULL
"8957",4,"GS0010844","GS00112064","Germany","DE","GS00112064","GC0009056",NULL
"8958",4,"GS0010844","GS0001177","Germany","DE","6243","GC0009056",NULL
"8959",4,"GS0010844","GS0016981","Germany","DE","XY03649078","GC0009056",NULL
"8960",4,"GS0010844","GS0000901","Germany","DE","5835","GC0009056",NULL
"8961",4,"GS0010844","GS0000563","Germany","DE","5220","GC0009056","229"
"8962",4,"GS0010844","GS0005185","Germany","DE","DE022878","GC0009056",NULL
"8963",4,"GS0010844","GS0000899","Germany","DE","5833","GC0009056",NULL
"8964",4,"GS0010844","GS0001173","Germany","DE","6238","GC0009056",NULL
"8965",4,"GS0010844","GS0000897","Germany","DE","5831","GC0009056",NULL
"8966",4,"GS0010844","GS0000898","Germany","DE","5832","GC0009056",NULL
"8967",3,"GS0004615","GS0016114","Germany","DE","XY03648130","GC0009056",NULL
"8968",3,"GS0004615","GS0000883","Germany","DE","5814","GC0065178",NULL
"8969",4,"GS0000883","GS0000244","Germany","DE","4819","GC0065178",NULL
"8970",3,"GS0004615","GS0056419","Germany","DE","XY03679715","GC0009056",NULL
"8971",3,"GS0004615","GS0016112","Germany","DE","XY03648128","GC0009056",NULL
"8972",3,"GS0004615","GS0000575","Germany","DE","5236","GC0009056",NULL
"8973",4,"GS0000575","GS0001077","Germany","DE","6107","GC0009056",NULL
"8974",4,"GS0000575","GS0020409","Germany","DE","XY03652749","GC0009056",NULL
"8975",4,"GS0000575","GS0016989","Germany","DE","XY03649086","GC0009056",NULL
"8976",4,"GS0000575","GS0035049","Germany","DE","XY03663069","GC0009056",NULL
"8977",4,"GS0000575","GS0016991","Germany","DE","XY03649088","GC0009056",NULL
"8978",4,"GS0000575","GS0016987","Germany","DE","XY03649084","GC0009056",NULL
"8979",4,"GS0000575","GS0016990","Germany","DE","XY03649087","GC0009056",NULL
"8980",4,"GS0000575","GS0016986","Germany","DE","XY03649083","GC0009056",NULL
"8981",4,"GS0000575","GS0016985","Germany","DE","XY03649082","GC0009056",NULL
"8982",3,"GS0004615","GS0000517","Germany","DE","5161","GC0009056",NULL
"8983",4,"GS0000517","GS0009506","Germany","DE","DE00002171","GC0009056",NULL
"8984",4,"GS0000517","GS0026728","Germany","DE","XY03656411","GC0009056",NULL
"8985",4,"GS0000517","GS0017123","Germany","DE","XY03649223","GC0009056",NULL
"8986",4,"GS0000517","GS0017125","Germany","DE","XY03649225","GC0009056",NULL
"8987",4,"GS0000517","GS0017122","Germany","DE","XY03649222","GC0009056",NULL
"8988",4,"GS0000517","GS0017121","Germany","DE","XY03649221","GC0009056",NULL
"8989",4,"GS0000517","GS0017120","Germany","DE","XY03649220","GC0009056",NULL
"8990",4,"GS0000517","GS0017124","Germany","DE","XY03649224","GC0009056",NULL
"8991",3,"GS0004615","GS0000502","Germany","DE","5141","GC0009056","216"
"8992",4,"GS0000502","GS0049549","Germany","DE","XY03674046","GC0009056",NULL
"8993",4,"GS0000502","GS0000782","Germany","DE","5704","GC0009056",NULL
"8994",4,"GS0000502","GS0035268","Germany","DE","XY03663193","GC0009056",NULL
"8995",4,"GS0000502","GS0009490","Germany","DE","DE00002154","GC0009056","21602"
"8996",4,"GS0000502","GS0000779","Germany","DE","5700","GC0009056","21601"
"8997",4,"GS0000502","GS0035270","Germany","DE","XY03663194","GC0009056",NULL
"8998",4,"GS0000502","GS0042789","Germany","DE","XY03668889","GC0009056","21682"
"8999",4,"GS0000502","GS0017110","Germany","DE","XY03649210","GC0009056",NULL
"9000",4,"GS0000502","GS0009504","Germany","DE","DE00002169","GC0009056","21608"
"9001",4,"GS0000502","GS0001223","Germany","DE","6345","GC0009056","21614"
"9002",4,"GS0000502","GS0017112","Germany","DE","XY03649212","GC0009056",NULL
"9003",3,"GS0004615","GS0000636","Germany","DE","5317","GC0065178",NULL
"9004",3,"GS0004615","GS0016113","Germany","DE","XY03648129","GC0009056",NULL
"9005",3,"GS0004615","GS00112010","Germany","DE","GS00112010","GC0009056",NULL
"9006",3,"GS0004615","GS0000839","Germany","DE","5766","GC0065178",NULL
"9007",3,"GS0004615","GS0000531","Germany","DE","5182","GC0009056","222"
"9008",4,"GS0000531","GS0014172","Germany","DE","XY03645530","GC0009056",NULL
"9009",4,"GS0000531","GS0050162","Germany","DE","XY03674517","GC0009056",NULL
"9010",4,"GS0000531","GS0000850","Germany","DE","5777","GC0009056",NULL
"9011",4,"GS0000531","GS0001190","Germany","DE","6262","GC0009056",NULL
"9012",3,"GS0004615","GS0001205","Germany","DE","6286","GC0009056","247"
"9013",4,"GS0001205","GS0012226","Germany","DE","XY03641965","GC0009056",NULL
"9014",3,"GS0004615","GS0035688","Germany","DE","XY03663463","GC0065178",NULL
"9015",3,"GS0004615","GS0021707","Germany","DE","XY03654104","GC0065178",NULL
"9016",3,"GS0004615","GS0000929","Germany","DE","5872","GC0065178",NULL
"9017",3,"GS0004615","GS0000584","Germany","DE","5252","GC0009056",NULL
"9018",4,"GS0000584","GS0016996","Germany","DE","XY03649093","GC0009056",NULL
"9019",4,"GS0000584","GS0025916","Germany","DE","XY03655724","GC0009056",NULL
"9020",4,"GS0000584","GS0016994","Germany","DE","XY03649091","GC0009056",NULL
"9021",4,"GS0000584","GS0016999","Germany","DE","XY03649096","GC0009056",NULL
"9022",4,"GS0000584","GS0016997","Germany","DE","XY03649094","GC0009056",NULL
"9023",4,"GS0000584","GS0016944","Germany","DE","XY03649033","GC0009056",NULL
"9024",4,"GS0000584","GS0025609","Germany","DE","XY03655467","GC0009056",NULL
"9025",4,"GS0000584","GS0017004","Germany","DE","XY03649101","GC0009056",NULL
"9026",4,"GS0000584","GS0016995","Germany","DE","XY03649092","GC0009056",NULL
"9027",4,"GS0000584","GS0019052","Germany","DE","XY03651302","GC0009056",NULL
"9028",4,"GS0000584","GS0001217","Germany","DE","6307","GC0009056",NULL
"9029",4,"GS0000584","GS0017002","Germany","DE","XY03649099","GC0009056",NULL
"9030",4,"GS0000584","GS0000942","Germany","DE","5887","GC0009056",NULL
"9031",4,"GS0000584","GS0046717","Germany","DE","XY03671892","GC0009056",NULL
"9032",4,"GS0000584","GS0017001","Germany","DE","XY03649098","GC0009056",NULL
"9033",4,"GS0000584","GS0031490","Germany","DE","XY03660387","GC0009056",NULL
"9034",4,"GS0000584","GS0008499","Germany","DE","DE00000182","GC0009056",NULL
"9035",4,"GS0000584","GS0016993","Germany","DE","XY03649090","GC0009056",NULL
"9036",4,"GS0000584","GS0017003","Germany","DE","XY03649100","GC0009056",NULL
"9037",4,"GS0000584","GS0017000","Germany","DE","XY03649097","GC0009056",NULL
"9038",4,"GS0000584","GS0019955","Germany","DE","XY03652269","GC0009056",NULL
"9039",3,"GS0004615","GS0015149","Germany","DE","XY03647037","GC0009056",NULL
"9040",3,"GS0004615","GS0000485","Germany","DE","5117","GC0009056",NULL
"9041",4,"GS0000485","GS0017039","Germany","DE","XY03649136","GC0009056",NULL
"9042",4,"GS0000485","GS0014126","Germany","DE","XY03645468","GC0009056",NULL
"9043",4,"GS0000485","GS0020731","Germany","DE","XY03653085","GC0009056",NULL
"9044",4,"GS0000485","GS0078166","Germany","DE","XY03699864","GC0009056",NULL
"9045",3,"GS0004615","GS0012499","Germany","DE","XY03642533","GC0009056",NULL
"9046",3,"GS0004615","GS0016111","Germany","DE","XY03648127","GC0009056",NULL
"9047",3,"GS0004615","GS0000603","Germany","DE","5280","GC0009056",NULL
"9048",4,"GS0000603","GS0014204","Germany","DE","XY03645589","GC0009056",NULL
"9049",4,"GS0000603","GS0032899","Germany","DE","XY03661549","GC0009056",NULL
"9050",4,"GS0000603","GS0000978","Germany","DE","5931","GC0009056",NULL
"9051",4,"GS0000603","GS0030584","Germany","DE","XY03659677","GC0009056",NULL
"9052",4,"GS0000603","GS0000965","Germany","DE","5914","GC0009056",NULL
"9053",3,"GS0004615","GS0000529","Germany","DE","5179","GC0009056","221"
"9054",4,"GS0000529","GS0015404","Germany","DE","XY03647320","GC0009056",NULL
"9055",4,"GS0000529","GS0078176","Germany","DE","XY03699873","GC0009056",NULL
"9056",4,"GS0000529","GS0078184","Germany","DE","XY03699881","GC0009056",NULL
"9057",4,"GS0000529","GS0014153","Germany","DE","XY03645511","GC0009056",NULL
"9058",4,"GS0000529","GS0014119","Germany","DE","XY03645458","GC0009056",NULL
"9059",4,"GS0000529","GS0014152","Germany","DE","XY03645510","GC0009056",NULL
"9060",4,"GS0000529","GS0000841","Germany","DE","5768","GC0009056",NULL
"9061",4,"GS0000529","GS0014151","Germany","DE","XY03645509","GC0009056",NULL
"9062",4,"GS0000529","GS0000840","Germany","DE","5767","GC0009056",NULL
"9063",3,"GS0004615","GS0000031","Germany","DE","4567","GC0000028",NULL
"9064",3,"GS0004615","GS0000460","Germany","DE","5091","GC0009056",NULL
"9065",4,"GS0000460","GS0017139","Germany","DE","XY03649239","GC0009056",NULL
"9066",4,"GS0000460","GS0030051","Germany","DE","XY03659265","GC0009056",NULL
"9067",4,"GS0000460","GS0005179","Germany","DE","DE022568","GC0009056",NULL
"9068",4,"GS0000460","GS0016889","Germany","DE","XY03648975","GC0009056",NULL
"9069",4,"GS0000460","GS0017021","Germany","DE","XY03649118","GC0009056",NULL
"9070",4,"GS0000460","GS0017029","Germany","DE","XY03649126","GC0009056",NULL
"9071",3,"GS0004615","GS0022638","Germany","DE","XY03655091","GC0065178",NULL
"9072",4,"GS0022638","GS00111435","Germany","DE","GS00111435","GC0065178",NULL
"9073",3,"GS0004615","GS0018911","Germany","DE","XY03651154","GC0014795",NULL
"9074",3,"GS0004615","GS0012224","Germany","DE","XY03641963","GC0065178",NULL
"9075",3,"GS0004615","GS0012919","Germany","DE","XY03643348","GC0009056",NULL
"9076",4,"GS0012919","GS0008500","Germany","DE","DE00000183","GC0009056",NULL
"9077",4,"GS0012919","GS0005344","Germany","DE","DE0221133","GC0009056",NULL
"9078",4,"GS0012919","GS0008501","Germany","DE","DE00000184","GC0009056",NULL
"9079",4,"GS0012919","GS0017077","Germany","DE","XY03649174","GC0009056",NULL
"9080",4,"GS0012919","GS0001037","Germany","DE","5999","GC0009056",NULL
"9081",4,"GS0012919","GS0017073","Germany","DE","XY03649170","GC0009056",NULL
"9082",4,"GS0012919","GS0017071","Germany","DE","XY03649168","GC0009056",NULL
"9083",4,"GS0012919","GS0016447","Germany","DE","XY03648487","GC0009056",NULL
"9084",4,"GS0012919","GS0017081","Germany","DE","XY03649178","GC0009056",NULL
"9085",4,"GS0012919","GS0017080","Germany","DE","XY03649177","GC0009056",NULL
"9086",4,"GS0012919","GS0008502","Germany","DE","DE00000185","GC0009056",NULL
"9087",4,"GS0012919","GS0021852","Germany","DE","XY03654260","GC0009056",NULL
"9088",4,"GS0012919","GS0017070","Germany","DE","XY03649167","GC0009056",NULL
"9089",4,"GS0012919","GS0017072","Germany","DE","XY03649169","GC0009056",NULL
"9090",4,"GS0012919","GS0020385","Germany","DE","XY03652725","GC0009056",NULL
"9091",4,"GS0012919","GS0017068","Germany","DE","XY03649165","GC0009056",NULL
"9092",4,"GS0012919","GS0017074","Germany","DE","XY03649171","GC0009056",NULL
"9093",4,"GS0012919","GS0017078","Germany","DE","XY03649175","GC0009056",NULL
"9094",4,"GS0012919","GS0017069","Germany","DE","XY03649166","GC0009056",NULL
"9095",4,"GS0012919","GS0017079","Germany","DE","XY03649176","GC0009056",NULL
"9096",3,"GS0004615","GS0001088","Germany","DE","6121","GC0065178",NULL
"9097",3,"GS0004615","GS0015962","Germany","DE","XY03647964","GC0009056",NULL
"9098",3,"GS0004615","GS0000599","Germany","DE","5275","GC0065178",NULL
"9099",3,"GS0004615","GS0000488","Germany","DE","5120","GC0009056",NULL
"9100",3,"GS0004615","GS0000595","Germany","DE","5267","GC0009056",NULL
"9101",4,"GS0000595","GS0012389","Germany","DE","XY03642350","GC0009056",NULL
"9102",4,"GS0000595","GS0017019","Germany","DE","XY03649116","GC0009056",NULL
"9103",4,"GS0000595","GS0010392","Germany","DE","DE02380401","GC0009056",NULL
"9104",4,"GS0000595","GS0001139","Germany","DE","6183","GC0009056",NULL
"9105",4,"GS0000595","GS0000967","Germany","DE","5916","GC0009056",NULL
"9106",3,"GS0004615","GS0016108","Germany","DE","XY03648124","GC0009056",NULL
"9107",3,"GS0004615","GS0040831","Germany","DE","XY03667301","GC0009056",NULL
"9108",3,"GS0004615","GS00110309","Germany","DE","GS00110309","GC0065178",NULL
"9109",3,"GS0004615","GS0000474","Germany","DE","5106","GC0009056","208"
"9110",4,"GS0000474","GS0021981","Germany","DE","XY03654392","GC0009056",NULL
"9111",3,"GS0004615","GS0000552","Germany","DE","5207","GC0009056","227"
"9112",4,"GS0000552","GS0001232","Germany","DE","6374","GC0009056",NULL
"9113",4,"GS0000552","GS0036301","Germany","DE","XY03663881","GC0009056",NULL
"9114",4,"GS0000552","GS00112060","Germany","DE","GS00112060","GC0009056",NULL
"9115",4,"GS0000552","GS0014191","Germany","DE","XY03645573","GC0009056",NULL
"9116",4,"GS0000552","GS0001234","Germany","DE","6376","GC0009056",NULL
"9117",4,"GS0000552","GS0000884","Germany","DE","5815","GC0009056",NULL
"9118",4,"GS0000552","GS0046718","Germany","DE","XY03671893","GC0009056",NULL
"9119",4,"GS0000552","GS0078187","Germany","DE","XY03699884","GC0009056",NULL
"9120",3,"GS0004615","GS0000535","Germany","DE","5186","GC0009056","225"
"9121",4,"GS0000535","GS0006297","Germany","DE","AN00002104","GC0009056",NULL
"9122",4,"GS0000535","GS0017128","Germany","DE","XY03649228","GC0009056",NULL
"9123",4,"GS0000535","GS0000857","Germany","DE","5786","GC0009056",NULL
"9124",4,"GS0000535","GS0013643","Germany","DE","XY03644543","GC0009056",NULL
"9125",4,"GS0000535","GS0013263","Germany","DE","XY03643882","GC0009056",NULL
"9126",3,"GS0004615","GS0000523","Germany","DE","5172","GC0009056","220"
"9127",4,"GS0000523","GS0000831","Germany","DE","5756","GC0009056",NULL
"9128",4,"GS0000523","GS0008497","Germany","DE","DE00000180","GC0009056",NULL
"9129",4,"GS0000523","GS00112061","Germany","DE","GS00112061","GC0009056",NULL
"9130",4,"GS0000523","GS0078175","Germany","DE","XY03699872","GC0009056",NULL
"9131",4,"GS0000523","GS0022331","Germany","DE","XY03654760","GC0009056",NULL
"9132",4,"GS0000523","GS0008496","Germany","DE","DE00000179","GC0009056",NULL
"9133",4,"GS0000523","GS0000830","Germany","DE","5755","GC0009056",NULL
"9134",4,"GS0000523","GS0030460","Germany","DE","XY03659591","GC0009056",NULL
"9135",4,"GS0000523","GS0030370","Germany","DE","XY03659518","GC0009056",NULL
"9136",4,"GS0000523","GS0037743","Germany","DE","XY03665127","GC0009056",NULL
"9137",3,"GS0004615","GS0000464","Germany","DE","5095","GC0009056",NULL
"9138",4,"GS0000464","GS0001238","Germany","DE","6389","GC0009056",NULL
"9139",4,"GS0000464","GS0001220","Germany","DE","6337","GC0009056",NULL
"9140",4,"GS0000464","GS0001231","Germany","DE","6372","GC0009056",NULL
"9141",4,"GS0000464","GS0000724","Germany","DE","5641","GC0009056",NULL
"9142",4,"GS0000464","GS0010380","Germany","DE","DE02040120","GC0009056",NULL
"9143",4,"GS0000464","GS0000725","Germany","DE","5642","GC0009056",NULL
"9144",3,"GS0004615","GS0038400","Germany","DE","XY03665506","GC0009056",NULL
"9145",2,"GS0011294","GS0010399","Korea, Republic of (South Korea)","KR","DE03641708","GC0008295","847"
"9146",3,"GS0010399","GS0035803","Korea, Republic of (South Korea)","KR","XY03663543","GC0037973","847"
"9147",3,"GS0010399","GS0034423","Korea, Republic of (South Korea)","KR","XY03662648","GC0037970","847"
"9148",3,"GS0010399","GS0039042","Korea, Republic of (South Korea)","KR","XY03665959","GC0031192",NULL
"9149",3,"GS0010399","GS0014315","Korea, Republic of (South Korea)","KR","XY03645772","GC0011431",NULL
"9150",3,"GS0010399","GS0014305","Korea, Republic of (South Korea)","KR","XY03645761","GC0011423","847"
"9151",3,"GS0010399","GS0014318","Korea, Republic of (South Korea)","KR","XY03645775","GC0011433","847"
"9152",3,"GS0010399","GS0014319","Korea, Republic of (South Korea)","KR","XY03645776","GC0011434","847"
"9153",3,"GS0010399","GS0052482","Korea, Republic of (South Korea)","KR","XY03676388","GC0037971","847"
"9154",3,"GS0010399","GS0044261","Korea, Republic of (South Korea)","KR","XY03669924","GC0035180",NULL
"9155",3,"GS0010399","GS0019459","Korea, Republic of (South Korea)","KR","XY03651737","GC0037969","847"
"9156",3,"GS0010399","GS0031290","Korea, Republic of (South Korea)","KR","XY03660225","GC0025209",NULL
"9157",3,"GS0010399","GS0031539","Korea, Republic of (South Korea)","KR","XY03660428","GC0025417",NULL
"9158",3,"GS0010399","GS0014313","Korea, Republic of (South Korea)","KR","XY03645770","GC0011430","847"
"9159",3,"GS0010399","GS0014311","Korea, Republic of (South Korea)","KR","XY03645768","GC0011429",NULL
"9160",3,"GS0010399","GS0042859","Korea, Republic of (South Korea)","KR","XY03668946","GC0034119",NULL
"9161",3,"GS0010399","GS0028425","Korea, Republic of (South Korea)","KR","XY03658050","GC0022899",NULL
"9162",3,"GS0010399","GS0034595","Korea, Republic of (South Korea)","KR","XY03662757","GC0027843",NULL
"9163",3,"GS0010399","GS0031280","Korea, Republic of (South Korea)","KR","XY03660215","GC0025200",NULL
"9164",3,"GS0010399","GS0044658","Korea, Republic of (South Korea)","KR","XY03670227","GC0035477",NULL
"9165",3,"GS0010399","GS0044870","Korea, Republic of (South Korea)","KR","XY03670397","GC0011432","847"
"9166",3,"GS0010399","GS0031305","Korea, Republic of (South Korea)","KR","XY03660239","GC0025223",NULL
"9167",3,"GS0010399","GS0036221","Korea, Republic of (South Korea)","KR","XY03663825","GC0028955",NULL
"9168",3,"GS0010399","GS0014307","Korea, Republic of (South Korea)","KR","XY03645763","GC0011425",NULL
"9169",3,"GS0010399","GS0014303","Korea, Republic of (South Korea)","KR","XY03645758","GC0011421",NULL
"9170",3,"GS0010399","GS0031281","Korea, Republic of (South Korea)","KR","XY03660216","GC0037972","847"
"9171",2,"GS0011294","GS0004852","Australia","AU","1453121","GC0003451","901"
"9172",3,"GS0004852","GS0044556","Australia","AU","XY03670148","GC0035393",NULL
"9173",3,"GS0004852","GS0016243","Australia","AU","XY03648266","GC0012804",NULL
"9174",3,"GS0004852","GS0004099","Australia","AU","11395","GC0002904",NULL
"9175",3,"GS0004852","GS0004153","Australia","AU","11455","GC0002936",NULL
"9176",3,"GS0004852","GS0004095","Australia","AU","11391","GC0002900",NULL
"9177",3,"GS0004852","GS0031166","Australia","AU","XY03660129","GC0025109",NULL
"9178",3,"GS0004852","GS0004152","Australia","AU","11454","GC0002935",NULL
"9179",3,"GS0004852","GS0004233","Australia","AU","11538","GC0002971",NULL
"9180",3,"GS0004852","GS0004113","Australia","AU","11410","GC0002912",NULL
"9181",3,"GS0004852","GS0004117","Australia","AU","11414","GC0002914",NULL
"9182",3,"GS0004852","GS0004104","Australia","AU","11400","GC0002907",NULL
"9183",3,"GS0004852","GS0040495","Australia","AU","XY03667062","GC0032212",NULL
"9184",3,"GS0004852","GS0004176","Australia","AU","11478","GC0002949",NULL
"9185",3,"GS0004852","GS0004154","Australia","AU","11456","GC0002937",NULL
"9186",3,"GS0004852","GS0004142","Australia","AU","11441","GC0002929",NULL
"9187",3,"GS0004852","GS0026663","Australia","AU","XY03656352","GC0021684",NULL
"9188",3,"GS0004852","GS0022145","Australia","AU","XY03654565","GC0017490",NULL
"9189",3,"GS0004852","GS0026726","Australia","AU","XY03656409","GC0021739",NULL
"9190",3,"GS0004852","GS0004101","Australia","AU","11397","GC0002905",NULL
"9191",3,"GS0004852","GS0029722","Australia","AU","XY03659013","GC0023968",NULL
"9192",3,"GS0004852","GS0025513","Australia","AU","XY03655389","GC0020713",NULL
"9193",3,"GS0004852","GS0034279","Australia","AU","XY03662577","GC0027675",NULL
"9194",3,"GS0004852","GS0004086","Australia","AU","11382","GC0002897",NULL
"9195",3,"GS0004852","GS0014516","Australia","AU","XY03646092","GC0011575",NULL
"9196",3,"GS0004852","GS0004132","Australia","AU","11431","GC0002921",NULL
"9197",3,"GS0004852","GS0004097","Australia","AU","11393","GC0002902",NULL
"9198",3,"GS0004852","GS0004139","Australia","AU","11438","GC0002926",NULL
"9199",3,"GS0004852","GS0004088","Australia","AU","11384","GC0002898",NULL
"9200",2,"GS0011294","GS0004636","Denmark","DK","1452763","GC0003264","517"
"9201",3,"GS0004636","GS0001407","Denmark","DK","7179","GC0000811",NULL
"9202",3,"GS0004636","GS0001387","Denmark","DK","7158","GC0000805","517251"
"9203",3,"GS0004636","GS0001379","Denmark","DK","7149","GC0000802",NULL
"9204",3,"GS0004636","GS0014571","Greenland","GL","XY03646161","GC0011619",NULL
"9205",3,"GS0004636","GS0001369","Denmark","DK","7139","GC0011505","517174"
"9206",3,"GS0004636","GS0001391","Denmark","DK","7162","GC0000806","517262"
"9207",3,"GS0004615","GS0000341","Germany","DE","4945","GC0000330",NULL
"9208",3,"GS0004615","GS0000623","Germany","DE","5300","GC0000586",NULL
"9209",3,"GS0004615","GS0000565","Germany","DE","5222","GC0000537","22915"
"9210",4,"GS0000565","GS0000907","Germany","DE","5842","GC0000537","22963"
"9211",4,"GS0000565","GS0006299","Germany","DE","AN00002106","GC0000537","22988"
"9212",3,"GS0004615","GS0000681","Germany","DE","5589","GC0000620",NULL
"9213",3,"GS0004615","GS0000258","Germany","DE","4835","GC0000248",NULL
"9214",3,"GS0004615","GS0000495","Germany","DE","5132","GC0000477","21410"
"9215",4,"GS0000495","GS0000757","Germany","DE","5676","GC0000477","21410BE"
"9216",4,"GS0000495","GS0001149","Germany","DE","6195","GC0000477","21483"
"9217",4,"GS0000495","GS0030488","Germany","DE","XY03659610","GC0000477","21456"
"9218",4,"GS0000495","GS0031736","Germany","DE","XY03660576","GC0000477","21459"
"9219",4,"GS0000495","GS0000758","Germany","DE","5677","GC0000477","21410HA"
"9220",3,"GS0004615","GS0000453","Germany","DE","5075","GC0000438",NULL
"9221",3,"GS0004615","GS0000271","Germany","DE","4853","GC0000261",NULL
"9222",3,"GS0004615","GS0000654","Germany","DE","5527","GC0000615",NULL
"9223",3,"GS0004615","GS0000346","Germany","DE","4951","GC0000333",NULL
"9224",3,"GS0004615","GS0001096","Germany","DE","6129","GC0000657",NULL
"9225",3,"GS0004615","GS0001199","Germany","DE","6276","GC0000686","23313"
"9226",4,"GS0001199","GS0037867","Germany","DE","XY03665191","GC0000686","23356"
"9227",4,"GS0001199","GS0000934","Germany","DE","5877","GC0000686","23358"
"9228",4,"GS0001199","GS0000933","Germany","DE","5876","GC0000686","23352"
"9229",4,"GS0001199","GS0025830","Germany","DE","XY03655653","GC0000686","23353"
"9230",4,"GS0001199","GS0001243","Germany","DE","6412","GC0000686","23374"
"9231",4,"GS0001199","GS0037866","Germany","DE","XY03665190","GC0000686","23354"
"9232",4,"GS0001199","GS0000525","Germany","DE","5174","GC0000686","23371"
"9233",3,"GS0004615","GS0000027","Germany","DE","4562","GC0000024",NULL
"9234",3,"GS0004615","GS0000564","Germany","DE","5221","GC0000536",NULL
"9235",4,"GS0000564","GS0092617","Germany","DE","XY03713097","GC0000536","251SA68"
"9236",4,"GS0000564","GS00111744","Germany","DE","GS00111744","GC0000536",NULL
"9237",4,"GS0000564","GS0014873","Germany","DE","XY03646624","GC0000536","2291302"
"9238",4,"GS0000564","GS00111745","Germany","DE","GS00111745","GC0000536",NULL
"9239",4,"GS0000564","GS0014874","Germany","DE","XY03646625","GC0000536","2291303"
"9240",3,"GS0004615","GS0000559","Germany","DE","5214","GC0000531",NULL
"9241",3,"GS0004615","GS0000164","Germany","DE","4717","GC0000160",NULL
"9242",3,"GS0004615","GS0019917","Germany","DE","XY03652231","GC0015573","20320"
"9243",4,"GS0019917","GS0019962","Germany","DE","XY03652279","GC0015573","312"
"9244",3,"GS0004615","GS0000291","Germany","DE","4881","GC0000280",NULL
"9245",3,"GS0004615","GS0000102","Germany","DE","4643","GC0000098",NULL
"9246",3,"GS0004615","GS0000255","Germany","DE","4832","GC0000245",NULL
"9247",3,"GS0004615","GS0000513","Germany","DE","5154","GC0000494","21717"
"9248",4,"GS0000513","GS0000812","Germany","DE","5734","GC0000494","21759"
"9249",4,"GS0000513","GS0000512","Germany","DE","5153","GC0000494","21780"
"9250",4,"GS0000513","GS0042660","Germany","DE","XY03668804","GC0000494","21751"
"9251",3,"GS0004615","GS0044069","Germany","DE","XY03669769","GC0035035","20417"
"9252",4,"GS0044069","GS0093455","Germany","DE","XY03713827","GC0035035","20453"
"9253",4,"GS0044069","GS00112083","Germany","DE","GS00112083","GC0035035",NULL
"9254",4,"GS0044069","GS0044070","Germany","DE","XY03669770","GC0035035","20465"
"9255",4,"GS0044069","GS0044071","Germany","DE","XY03669771","GC0035035","20466"
"9256",3,"GS0004615","GS0000553","Germany","DE","5208","GC0000525",NULL
"9257",3,"GS0004615","GS0000571","Germany","DE","5232","GC0000542","23911"
"9258",4,"GS0000571","GS0044435","Germany","DE","XY03670056","GC0000542","23951"
"9259",4,"GS0000571","GS0000913","Germany","DE","5856","GC0000542","23953"
"9260",3,"GS0004615","GS0000546","Germany","DE","5200","GC0000518","22620"
"9261",4,"GS0000546","GS0047666","Germany","DE","XY03672608","GC0000518",NULL
"9262",4,"GS0000546","GS0000872","Germany","DE","5803","GC0000518","22665"
"9263",3,"GS0004615","GS0010393","Germany","DE","DE02391801","GC0008293","23918"
"9264",4,"GS0010393","GS0000917","Germany","DE","5860","GC0008293","23954"
"9265",4,"GS0010393","GS0001102","Germany","DE","6136","GC0008293","23961"
"9266",4,"GS0010393","GS0000573","Germany","DE","5234","GC0008293","23955"
"9267",4,"GS0010393","GS0001100","Germany","DE","6134","GC0008293","23959"
"9268",4,"GS0010393","GS0001103","Germany","DE","6137","GC0008293","23962"
"9269",3,"GS0004615","GS0000568","Germany","DE","5226","GC0000540",NULL
"9270",3,"GS0004615","GS0000176","Germany","DE","4736","GC0000172",NULL
"9271",3,"GS0004615","GS0000927","Germany","DE","5870","GC0000645",NULL
"9272",3,"GS0004615","GS0000140","Germany","DE","4687","GC0000136",NULL
"9273",3,"GS0004615","GS0000183","Germany","DE","4744","GC0000179",NULL
"9274",3,"GS0004615","GS0000490","Germany","DE","5123","GC0000472",NULL
"9275",3,"GS0004615","GS00107039","Germany","DE","GS00107039","GC00106679","22517"
"9276",4,"GS00107039","GS00107053","Germany","DE","GS00107053","GC00106679","22585"
"9277",4,"GS00107039","GS00107043","Germany","DE","GS00107043","GC00106679","22578"
"9278",4,"GS00107039","GS00107055","Germany","DE","GS00107055","GC00106679","22586"
"9279",4,"GS00107039","GS00107046","Germany","DE","GS00107046","GC00106679","22574"
"9280",4,"GS00107039","GS00107049","Germany","DE","GS00107049","GC00106679","22582"
"9281",4,"GS00107039","GS00107051","Germany","DE","GS00107051","GC00106679",NULL
"9282",4,"GS00107039","GS00107042","Germany","DE","GS00107042","GC00106679","22577"
"9283",4,"GS00107039","GS00107054","Germany","DE","GS00107054","GC00106679","22575"
"9284",4,"GS00107039","GS00107050","Germany","DE","GS00107050","GC00106679","22583"
"9285",3,"GS0004615","GS0000544","Germany","DE","5198","GC0000517",NULL
"9286",4,"GS0000544","GS0000869","Germany","DE","5800","GC0000517",NULL
"9287",3,"GS0004615","GS0000572","Germany","DE","5233","GC0000543","23912"
"9288",4,"GS0000572","GS0000915","Germany","DE","5858","GC0000543","23956"
"9289",4,"GS0000572","GS0013203","Germany","DE","XY03643802","GC0000543","23963"
"9290",4,"GS0000572","GS00107406","Germany","DE","GS00107406","GC0000543","23950"
"9291",4,"GS0000572","GS0000916","Germany","DE","5859","GC0000543","23957"
"9292",4,"GS0000572","GS0000914","Germany","DE","5857","GC0000543","23952"
"9293",3,"GS0004615","GS0001152","Germany","DE","6200","GC0000672",NULL
"9294",3,"GS0004615","GS0000583","Germany","DE","5250","GC0000553",NULL
"9295",4,"GS0000583","GS0014200","Germany","DE","XY03645583","GC0000553",NULL
"9296",4,"GS0000583","GS0014422","Germany","DE","XY03645947","GC0000553",NULL
"9297",4,"GS0000583","GS0000941","Germany","DE","5885","GC0000553",NULL
"9298",3,"GS0004615","GS0000130","Germany","DE","4676","GC0000126",NULL
"9299",3,"GS0004615","GS0000153","Germany","DE","4703","GC0000149",NULL
"9300",3,"GS0004615","GS0000061","Germany","DE","4600","GC0000058",NULL
"9301",3,"GS0004615","GS0043910","Germany","DE","XY03669668","GC0034922","24012"
"9302",4,"GS0043910","GS0043914","Germany","DE","XY03669672","GC0034922","24060"
"9303",4,"GS0043910","GS0043912","Germany","DE","XY03669670","GC0034922","24059"
"9304",4,"GS0043910","GS0043913","Germany","DE","XY03669671","GC0034922","24058"
"9305",4,"GS0043910","GS0045692","Germany","DE","XY03671046","GC0034922","24063"
"9306",4,"GS0043910","GS0045693","Germany","DE","XY03671047","GC0034922","24064"
"9307",3,"GS0004615","GS0000479","Germany","DE","5111","GC0000462",NULL
"9308",3,"GS0004615","GS0000894","Germany","DE","5828","GC0000638",NULL
"9309",4,"GS0000894","GS0000888","Germany","DE","5819","GC0000638",NULL
"9310",3,"GS0004615","GS0000294","Germany","DE","4885","GC0000283",NULL
"9311",3,"GS0004615","GS0010389","Germany","DE","DE02351201","GC0008292","23512"
"9312",4,"GS0010389","GS0000587","Germany","DE","5255","GC0008292","23563"
"9313",4,"GS0010389","GS0000893","Germany","DE","5827","GC0008292","23570"
"9314",4,"GS0010389","GS0001127","Germany","DE","6169","GC0008292","23562"
"9315",4,"GS0010389","GS0001129","Germany","DE","6172","GC0008292","23565"
"9316",4,"GS0010389","GS0000946","Germany","DE","5892","GC0008292","23553"
"9317",4,"GS0010389","GS0000947","Germany","DE","5893","GC0008292","23554"
"9318",3,"GS0004615","GS0000652","Germany","DE","5524","GC0000613",NULL
"9319",3,"GS0004615","GS0000236","Germany","DE","4807","GC0000229",NULL
"9320",3,"GS0004615","GS0000627","Germany","DE","5304","GC0000590","24314"
"9321",4,"GS0000627","GS0001026","Germany","DE","5983","GC0000590","24350"
"9322",4,"GS0000627","GS0021178","Germany","DE","XY03653552","GC0000590",NULL
"9323",4,"GS0000627","GS0001019","Germany","DE","5974","GC0000590","24357"
"9324",4,"GS0000627","GS0001123","Germany","DE","6164","GC0000590","24367"
"9325",3,"GS0004615","GS0000166","Germany","DE","4722","GC0000162",NULL
"9326",3,"GS0004615","GS0000629","Germany","DE","5307","GC0000592","24318"
"9327",4,"GS0000629","GS0001024","Germany","DE","5981","GC0000592","24351"
"9328",4,"GS0000629","GS0001025","Germany","DE","5982","GC0000592","24355"
"9329",3,"GS0004615","GS0000640","Germany","DE","5326","GC0000601","24922"
"9330",4,"GS0000640","GS0053081","Germany","DE","XY03676894","GC0000601","24951"
"9331",4,"GS0000640","GS0022247","Germany","DE","XY03654673","GC0000601",NULL
"9332",4,"GS0000640","GS0001130","Germany","DE","6173","GC0000601","24959"
"9333",4,"GS0000640","GS0001041","Germany","DE","6007","GC0000601","24956"
"9334",4,"GS0000640","GS0001040","Germany","DE","6006","GC0000601","24955"
"9335",3,"GS0004615","GS0000150","Germany","DE","4699","GC0000146",NULL
"9336",3,"GS0004615","GS0000469","Germany","DE","5100","GC0000453",NULL
"9337",3,"GS0004615","GS0000793","Germany","DE","5715","GC0000629",NULL
"9338",3,"GS0004615","GS0000617","Germany","DE","5294","GC0000582","24226"
"9339",4,"GS0000617","GS0000999","Germany","DE","5953","GC0000582","24255"
"9340",4,"GS0000617","GS0001000","Germany","DE","5954","GC0000582","24258"
"9341",4,"GS0000617","GS00112098","Germany","DE","GS00112098","GC0000582",NULL
"9342",3,"GS0004615","GS0000547","Germany","DE","5201","GC0000519","22621"
"9343",4,"GS0000547","GS0000873","Germany","DE","5804","GC0000519","22657"
"9344",4,"GS0000547","GS0000874","Germany","DE","5805","GC0000519","22658"
"9345",4,"GS0000547","GS0001225","Germany","DE","6362","GC0000519","2262176"
"9346",4,"GS0000547","GS0034798","Germany","DE","XY03662881","GC0000519",NULL
"9347",4,"GS0000547","GS0013199","Germany","DE","XY03643796","GC0000519",NULL
"9348",4,"GS0000547","GS0017873","Germany","DE","XY03650052","GC0000519",NULL
"9349",3,"GS0004615","GS0000566","Germany","DE","5224","GC0000538","22919"
"9350",4,"GS0000566","GS0016984","Germany","DE","XY03649081","GC0000538",NULL
"9351",4,"GS0000566","GS0034175","Germany","DE","XY03662526","GC0000538",NULL
"9352",4,"GS0000566","GS0015114","Germany","DE","XY03646997","GC0000538","22955"
"9353",4,"GS0000566","GS0056609","Germany","DE","XY03679859","GC0000538","22957"
"9354",4,"GS0000566","GS0056401","Germany","DE","XY03679703","GC0000538","22956"
"9355",4,"GS0000566","GS0056610","Germany","DE","XY03679860","GC0000538","22959"
"9356",3,"GS0004615","GS0000075","Germany","DE","4615","GC0000071",NULL
"9357",3,"GS0004615","GS0000118","Germany","DE","4664","GC0000114",NULL
"9358",3,"GS0004615","GS0000173","Germany","DE","4733","GC0000169",NULL
"9359",3,"GS0004615","GS0000567","Germany","DE","5225","GC0000539",NULL
"9360",3,"GS0004615","GS0013204","Germany","DE","XY03643803","GC0010602","24241"
"9361",4,"GS0013204","GS00110934","Germany","DE","GS00110934","GC0010602",NULL
"9362",4,"GS0013204","GS0013255","Germany","DE","XY03643873","GC0010602","24293"
"9363",3,"GS0004615","GS0000543","Germany","DE","5197","GC0000516","22613"
"9364",4,"GS0000543","GS00111396","Germany","DE","GS00111396","GC0000516","22690"
"9365",4,"GS0000543","GS0001228","Germany","DE","6367","GC0000516","22672"
"9366",4,"GS0000543","GS0057100","Germany","DE","XY03680287","GC0000516","22655"
"9367",4,"GS0000543","GS00111397","Germany","DE","GS00111397","GC0000516","22692"
"9368",4,"GS0000543","GS00112088","Germany","DE","GS00112088","GC0000516",NULL
"9369",4,"GS0000543","GS00111398","Germany","DE","GS00111398","GC0000516",NULL
"9370",4,"GS0000543","GS00112040","Germany","DE","GS00112040","GC0000516",NULL
"9371",4,"GS0000543","GS0057099","Germany","DE","XY03680286","GC0000516","22652"
"9372",4,"GS0000543","GS00112089","Germany","DE","GS00112089","GC0000516",NULL
"9373",4,"GS0000543","GS00111395","Germany","DE","GS00111395","GC0000516","22687"
"9374",4,"GS0000543","GS0001229","Germany","DE","6368","GC0000516","22673"
"9375",3,"GS0004615","GS0000026","Germany","DE","4561","GC0000023",NULL
"9376",3,"GS0004615","GS0000638","Germany","DE","5321","GC0000599","24815"
"9377",4,"GS0000638","GS0045157","Germany","DE","XY03670627","GC0000599","24850"
"9378",3,"GS0004615","GS0000602","Germany","DE","5279","GC0000568",NULL
"9379",4,"GS0000602","GS0010095","Germany","DE","DE00003370","GC0000568",NULL
"9380",3,"GS0004615","GS0000508","Germany","DE","5149","GC0000490","21711"
"9381",4,"GS0000508","GS0000801","Germany","DE","5723","GC0000490","21765"
"9382",4,"GS0000508","GS0000802","Germany","DE","5724","GC0000490",NULL
"9383",4,"GS0000508","GS0000803","Germany","DE","5725","GC0000490","21778"
"9384",3,"GS0004615","GS00103596","Germany","DE","GP00003470","GC00103438",NULL
"9385",3,"GS0004615","GS0013858","Germany","DE","XY03645003","GC0011085",NULL
"9386",4,"GS0013858","GS0021318","Germany","DE","XY03653697","GC0011085",NULL
"9387",4,"GS0013858","GS0020900","Germany","DE","XY03653259","GC0011085",NULL
"9388",4,"GS0013858","GS0020330","Germany","DE","XY03652667","GC0011085",NULL
"9389",4,"GS0013858","GS0020899","Germany","DE","XY03653258","GC0011085",NULL
"9390",3,"GS0004615","GS0005121","Germany","DE","DE000261","GC0003698",NULL
"9391",3,"GS0004615","GS0000071","Germany","DE","4610","GC0000068",NULL
"9392",3,"GS0004615","GS0000100","Germany","DE","4641","GC0000096",NULL
"9393",3,"GS0004615","GS0000489","Germany","DE","5122","GC0000471","21220"
"9394",4,"GS0000489","GS0001192","Germany","DE","6267","GC0000471","21257"
"9395",4,"GS0000489","GS0040610","Germany","DE","XY03667142","GC0000471","21254"
"9396",4,"GS0000489","GS0038343","Germany","DE","XY03665476","GC0000471",NULL
"9397",4,"GS0000489","GS0038334","Germany","DE","XY03665472","GC0000471",NULL
"9398",4,"GS0000489","GS0038344","Germany","DE","XY03665477","GC0000471",NULL
"9399",4,"GS0000489","GS0038335","Germany","DE","XY03665473","GC0000471",NULL
"9400",3,"GS0004615","GS0000630","Germany","DE","5309","GC0000593","24323"
"9401",4,"GS0000630","GS0049864","Germany","DE","XY03674289","GC0000593",NULL
"9402",4,"GS0000630","GS0000712","Germany","DE","5627","GC0000593","24371"
"9403",4,"GS0000630","GS0001027","Germany","DE","5984","GC0000593","24370"
"9404",4,"GS0000630","GS0013205","Germany","DE","XY03643804","GC0000593",NULL
"9405",4,"GS0000630","GS0013206","Germany","DE","XY03643805","GC0000593",NULL
"9406",4,"GS0000630","GS0001028","Germany","DE","5985","GC0000593","24368"
"9407",3,"GS0004615","GS0000461","Germany","DE","5092","GC0000446","20310"
"9408",4,"GS0000461","GS0032596","Germany","DE","XY03661305","GC0000446","20368"
"9409",4,"GS0000461","GS0019912","Germany","DE","XY03652225","GC0000446","20366"
"9410",4,"GS0000461","GS0025818","Germany","DE","XY03655646","GC0000446",NULL
"9411",4,"GS0000461","GS0000720","Germany","DE","5636","GC0000446","20357"
"9412",4,"GS0000461","GS0000716","Germany","DE","5632","GC0000446","20353"
"9413",3,"GS0004615","GS0000549","Germany","DE","5203","GC0000521",NULL
"9414",3,"GS0004615","GS0000511","Germany","DE","5152","GC0000493",NULL
"9415",3,"GS0004615","GS0000637","Germany","DE","5319","GC0000598","24712"
"9416",4,"GS0000637","GS0001034","Germany","DE","5996","GC0000598","24752"
"9417",4,"GS0000637","GS0001036","Germany","DE","5998","GC0000598","24754"
"9418",4,"GS0000637","GS0017611","Germany","DE","XY03649740","GC0000598",NULL
"9419",4,"GS0000637","GS0028275","Germany","DE","XY03657927","GC0000598","24756"
"9420",4,"GS0000637","GS0001035","Germany","DE","5997","GC0000598","24753"
"9421",3,"GS0004615","GS0000486","Germany","DE","5118","GC0000468","21012"
"9422",4,"GS0000486","GS0049546","Germany","DE","XY03674044","GC0000468",NULL
"9423",4,"GS0000486","GS0013187","Germany","DE","XY03643778","GC0000468",NULL
"9424",4,"GS0000486","GS0021799","Germany","DE","XY03654201","GC0000468",NULL
"9425",4,"GS0000486","GS0014051","Germany","DE","XY03645332","GC0000468",NULL
"9426",3,"GS0004615","GS0000596","Germany","DE","5268","GC0000564","23822"
"9427",4,"GS0000596","GS0000971","Germany","DE","5923","GC0000564","23855"
"9428",4,"GS0000596","GS0078120","Germany","DE","XY03699827","GC0000564","23861"
"9429",4,"GS0000596","GS0078119","Germany","DE","XY03699826","GC0000564","23860"
"9430",4,"GS0000596","GS0000968","Germany","DE","5917","GC0000564","23851"
"9431",4,"GS0000596","GS0001172","Germany","DE","6237","GC0000564","23858"
"9432",4,"GS0000596","GS0078121","Germany","DE","XY03699828","GC0000564","23862"
"9433",4,"GS0000596","GS0022329","Germany","DE","XY03654758","GC0000564","23859"
"9434",3,"GS0004615","GS0000148","Germany","DE","4696","GC0000144",NULL
"9435",3,"GS0004615","GS0000467","Germany","DE","5098","GC0000451","20414"
"9436",4,"GS0000467","GS0000726","Germany","DE","5643","GC0000451","20450"
"9437",4,"GS0000467","GS00112085","Germany","DE","GS00112085","GC0000451",NULL
"9438",4,"GS0000467","GS0000727","Germany","DE","5644","GC0000451","20452"
"9439",3,"GS0004615","GS0000499","Germany","DE","5136","GC0000481","21415"
"9440",4,"GS0000499","GS0000775","Germany","DE","5694","GC0000481","21463"
"9441",4,"GS0000499","GS0001133","Germany","DE","6176","GC0000481","21481"
"9442",4,"GS0000499","GS0000774","Germany","DE","5693","GC0000481","2141518"
"9443",3,"GS0004615","GS0000419","Germany","DE","5036","GC0000404",NULL
"9444",3,"GS0004615","GS0000405","Germany","DE","5021","GC0000390",NULL
"9445",3,"GS0004615","GS0021180","Germany","DE","XY03653554","GC0016676","23623"
"9446",4,"GS0021180","GS0021258","Germany","DE","XY03653636","GC0016676",NULL
"9447",4,"GS0021180","GS0021177","Germany","DE","XY03653551","GC0016676","23665"
"9448",4,"GS0021180","GS0021186","Germany","DE","XY03653562","GC0016676","23662"
"9449",4,"GS0021180","GS0021179","Germany","DE","XY03653553","GC0016676","23666"
"9450",4,"GS0021180","GS0021183","Germany","DE","XY03653557","GC0016676","23663"
"9451",4,"GS0021180","GS00110448","Germany","DE","GS00110448","GC0016676",NULL
"9452",4,"GS0021180","GS0021181","Germany","DE","XY03653555","GC0016676","23664"
"9453",4,"GS0021180","GS0021182","Germany","DE","XY03653556","GC0016676","23661"
"9454",3,"GS0004615","GS0000109","Germany","DE","4655","GC0000105",NULL
"9455",4,"GS0000109","GS0000674","Germany","DE","5582","GC0000105",NULL
"9456",3,"GS0004615","GS0001194","Germany","DE","6271","GC0000684","22726"
"9457",4,"GS0001194","GS0014192","Germany","DE","XY03645574","GC0000684",NULL
"9458",4,"GS0001194","GS0001198","Germany","DE","6275","GC0000684",NULL
"9459",4,"GS0001194","GS0013202","Germany","DE","XY03643800","GC0000684",NULL
"9460",4,"GS0001194","GS0001197","Germany","DE","6274","GC0000684",NULL
"9461",4,"GS0001194","GS0041413","Germany","DE","XY03667769","GC0000684",NULL
"9462",3,"GS0004615","GS0000612","Germany","DE","5289","GC0000577","24214"
"9463",4,"GS0000612","GS0000988","Germany","DE","5942","GC0000577","24250"
"9464",4,"GS0000612","GS0000989","Germany","DE","5943","GC0000577","24251"
"9465",4,"GS0000612","GS0039779","Germany","DE","XY03666508","GC0000577","24259"
"9466",4,"GS0000612","GS0038345","Germany","DE","XY03665478","GC0000577",NULL
"9467",4,"GS0000612","GS0009487","Germany","DE","DE00002151","GC0000577",NULL
"9468",4,"GS0000612","GS0000990","Germany","DE","5944","GC0000577","24252"
"9469",3,"GS0004615","GS0000458","Germany","DE","5081","GC0000443",NULL
"9470",3,"GS0004615","GS0000671","Germany","DE","5578","GC0000619",NULL
"9471",3,"GS0004615","GS0001191","Germany","DE","6264","GC0000683",NULL
"9472",3,"GS0004615","GS0000581","Germany","DE","5246","GC0000551",NULL
"9473",3,"GS0004615","GS0000641","Germany","DE","5327","GC0000602",NULL
"9474",3,"GS0004615","GS0005160","Germany","DE","DE000310","GC0003723",NULL
"9475",3,"GS0004615","GS0000060","Germany","DE","4599","GC0000057",NULL
"9476",3,"GS0004615","GS0000645","Germany","DE","5468","GC0000606",NULL
"9477",3,"GS0004615","GS0000398","Germany","DE","5013","GC0000384",NULL
"9478",3,"GS0004615","GS0000503","Germany","DE","5142","GC0000485","21610"
"9479",4,"GS0000503","GS0049592","Germany","DE","XY03674078","GC0000485",NULL
"9480",4,"GS0000503","GS0008493","Germany","DE","DE00000176","GC0000485","21658"
"9481",4,"GS0000503","GS0008495","Germany","DE","DE00000178","GC0000485","21660"
"9482",4,"GS0000503","GS0000786","Germany","DE","5708","GC0000485","21664"
"9483",4,"GS0000503","GS0000787","Germany","DE","5709","GC0000485","21665"
"9484",4,"GS0000503","GS0000783","Germany","DE","5705","GC0000485","21661"
"9485",4,"GS0000503","GS0000784","Germany","DE","5706","GC0000485","21662"
"9486",4,"GS0000503","GS0000785","Germany","DE","5707","GC0000485","21663"
"9487",3,"GS0004615","GS0000516","Germany","DE","5157","GC0000497","21727"
"9488",4,"GS0000516","GS0000821","Germany","DE","5743","GC0000497","21756"
"9489",4,"GS0000516","GS0000822","Germany","DE","5744","GC0000497","21761"
"9490",4,"GS0000516","GS0038347","Germany","DE","XY03665480","GC0000497",NULL
"9491",4,"GS0000516","GS0015032","Germany","DE","XY03646888","GC0000497",NULL
"9492",4,"GS0000516","GS0000820","Germany","DE","5742","GC0000497","21752"
"9493",4,"GS0000516","GS0010385","Germany","DE","DE02178201","GC0000497","21782"
"9494",4,"GS0000516","GS0014180","Germany","DE","XY03645553","GC0000497","21760"
"9495",4,"GS0000516","GS0001184","Germany","DE","6255","GC0000497","21779"
"9496",3,"GS0004615","GS0000024","Germany","DE","4559","GC0000021",NULL
"9497",3,"GS0004615","GS0000615","Germany","DE","5292","GC0000580",NULL
"9498",3,"GS0004615","GS0000209","Germany","DE","4774","GC0000204",NULL
"9499",3,"GS0004615","GS0000480","Germany","DE","5112","GC0000463",NULL
"9500",3,"GS0004615","GS0000113","Germany","DE","4659","GC0000109",NULL
"9501",3,"GS0004615","GS0000548","Germany","DE","5202","GC0000520",NULL
"9502",4,"GS0000548","GS0000875","Germany","DE","5806","GC0000520",NULL
"9503",3,"GS0004615","GS0000028","Germany","DE","4563","GC0000025",NULL
"9504",3,"GS0004615","GS0000698","Germany","DE","5609","GC0000625",NULL
"9505",3,"GS0004615","GS0000478","Germany","DE","5110","GC0000461","20927"
"9506",4,"GS0000478","GS0016795","Germany","DE","XY03648879","GC0000461","20965"
"9507",4,"GS0000478","GS0000522","Germany","DE","5170","GC0000461","20959"
"9508",4,"GS0000478","GS0016794","Germany","DE","XY03648878","GC0000461","20964"
"9509",4,"GS0000478","GS0016796","Germany","DE","XY03648880","GC0000461","20966"
"9510",4,"GS0000478","GS0000484","Germany","DE","5116","GC0000461","20958"
"9511",4,"GS0000478","GS0017036","Germany","DE","XY03649133","GC0000461",NULL
"9512",3,"GS0004615","GS0000466","Germany","DE","5097","GC0000450","20413"
"9513",4,"GS0000466","GS0001219","Germany","DE","6325","GC0000450","20464"
"9514",4,"GS0000466","GS0000465","Germany","DE","5096","GC0000450","20463"
"9515",3,"GS0004615","GS0001112","Germany","DE","6147","GC0000664","24240"
"9516",4,"GS0001112","GS0000995","Germany","DE","5949","GC0000664","24254"
"9517",4,"GS0001112","GS0000996","Germany","DE","5950","GC0000664","24262"
"9518",4,"GS0001112","GS0001113","Germany","DE","6148","GC0000664","24287"
"9519",4,"GS0001112","GS0001012","Germany","DE","5966","GC0000664","24278"
"9520",4,"GS0001112","GS00110330","Germany","DE","GS00110330","GC0000664",NULL
"9521",3,"GS0004615","GS0000357","Germany","DE","4964","GC0000343",NULL
"9522",3,"GS0004615","GS0014078","Germany","DE","XY03645383","GC0011280","24230"
"9523",4,"GS0014078","GS0001002","Germany","DE","5956","GC0011280","24268"
"9524",4,"GS0014078","GS0000354","Germany","DE","4960","GC0011280","24292"
"9525",4,"GS0014078","GS0026621","Germany","DE","XY03656319","GC0011280",NULL
"9526",4,"GS0014078","GS0001001","Germany","DE","5955","GC0011280","24267"
"9527",4,"GS0014078","GS0062056","Germany","DE","XY03684878","GC0011280","24273"
"9528",4,"GS0014078","GS0022538","Germany","DE","XY03654983","GC0011280","24257"
"9529",3,"GS0004615","GS0000369","Germany","DE","4980","GC0000355",NULL
"9530",3,"GS0004615","GS0000245","Germany","DE","4820","GC0000235",NULL
"9531",3,"GS0004615","GS0000514","Germany","DE","5155","GC0000495",NULL
"9532",3,"GS0004615","GS0000041","Germany","DE","4577","GC0000038",NULL
"9533",3,"GS0004615","GS0000441","Germany","DE","5060","GC0000426",NULL
"9534",3,"GS0004615","GS0000213","Germany","DE","4778","GC0000208",NULL
"9535",3,"GS0004615","GS0001195","Germany","DE","6272","GC0000685",NULL
"9536",4,"GS0001195","GS0009985","Germany","DE","DE00003260","GC0000685",NULL
"9537",3,"GS0004615","GS0000313","Germany","DE","4911","GC0000302",NULL
"9538",3,"GS0004615","GS0000286","Germany","DE","4876","GC0000275",NULL
"9539",3,"GS0004615","GS0000498","Germany","DE","5135","GC0000480",NULL
"9540",3,"GS0004615","GS0000509","Germany","DE","5150","GC0000491","21713"
"9541",4,"GS0000509","GS0013191","Germany","DE","XY03643784","GC0000491",NULL
"9542",4,"GS0000509","GS0000804","Germany","DE","5726","GC0000491","21763"
"9543",3,"GS0004615","GS0000491","Germany","DE","5127","GC0000473",NULL
"9544",4,"GS0000491","GS0000751","Germany","DE","5670","GC0000473",NULL
"9545",4,"GS0000491","GS0000752","Germany","DE","5671","GC0000473",NULL
"9546",3,"GS0004615","GS0000394","Germany","DE","5009","GC0000380",NULL
"9547",3,"GS0004615","GS0032622","Germany","DE","XY03661316","GC0026326","24416"
"9548",4,"GS0032622","GS0032623","Germany","DE","XY03661317","GC0026326","24456"
"9549",3,"GS0004615","GS0000347","Germany","DE","4952","GC0000334",NULL
"9550",3,"GS0004615","GS0005153","Germany","DE","DE000301","GC0003720",NULL
"9551",3,"GS0004615","GS0000515","Germany","DE","5156","GC0000496","21723"
"9552",4,"GS0000515","GS0000818","Germany","DE","5740","GC0000496","21773"
"9553",4,"GS0000515","GS0000816","Germany","DE","5738","GC0000496","21770"
"9554",4,"GS0000515","GS0000813","Germany","DE","5735","GC0000496","21767"
"9555",4,"GS0000515","GS0017116","Germany","DE","XY03649216","GC0000496",NULL
"9556",4,"GS0000515","GS0000815","Germany","DE","5737","GC0000496","21769"
"9557",4,"GS0000515","GS0014321","Germany","DE","XY03645779","GC0000496",NULL
"9558",4,"GS0000515","GS00112086","Germany","DE","GS00112086","GC0000496",NULL
"9559",4,"GS0000515","GS0000817","Germany","DE","5739","GC0000496","21772"
"9560",3,"GS0004615","GS0000557","Germany","DE","5212","GC0000529",NULL
"9561",3,"GS0004615","GS0000423","Germany","DE","5040","GC0000408",NULL
"9562",3,"GS0004615","GS0000951","Germany","DE","5899","GC0000646","23517"
"9563",4,"GS0000951","GS0000952","Germany","DE","5900","GC0000646","23558"
"9564",4,"GS0000951","GS0019952","Germany","DE","XY03652266","GC0000646","23578"
"9565",4,"GS0000951","GS0001226","Germany","DE","6363","GC0000646","23569"
"9566",4,"GS0000951","GS0000953","Germany","DE","5901","GC0000646","23559"
"9567",3,"GS0004615","GS0029716","Germany","DE","XY03659012","GC0023965","22637"
"9568",4,"GS0029716","GS0029739","Germany","DE","XY03659029","GC0023965","22670"
"9569",4,"GS0029716","GS0029738","Germany","DE","XY03659028","GC0023965","22653"
"9570",3,"GS0004615","GS0046821","Germany","DE","XY03671958","GC0037036","20925"
"9571",4,"GS0046821","GS0046825","Germany","DE","XY03671962","GC0037036","20967"
"9572",4,"GS0046821","GS0046826","Germany","DE","XY03671963","GC0037036",NULL
"9573",4,"GS0046821","GS0046823","Germany","DE","XY03671960","GC0037036","20968"
"9574",3,"GS0004615","GS0000505","Germany","DE","5144","GC0000487",NULL
"9575",4,"GS0000505","GS0000792","Germany","DE","5714","GC0000487",NULL
"9576",4,"GS0000505","GS0000791","Germany","DE","5713","GC0000487",NULL
"9577",3,"GS0004615","GS0000551","Germany","DE","5205","GC0000523","22641"
"9578",4,"GS0000551","GS00110581","Germany","DE","GS00110581","GC0000523",NULL
"9579",4,"GS0000551","GS0010388","Germany","DE","DE02267701","GC0000523","22677"
"9580",4,"GS0000551","GS0016898","Germany","DE","XY03648984","GC0000523",NULL
"9581",4,"GS0000551","GS0000870","Germany","DE","5801","GC0000523","22675"
"9582",4,"GS0000551","GS0025567","Germany","DE","XY03655432","GC0000523","22662"
"9583",4,"GS0000551","GS00112091","Germany","DE","GS00112091","GC0000523",NULL
"9584",4,"GS0000551","GS00110549","Germany","DE","GS00110549","GC0000523","22671"
"9585",4,"GS0000551","GS0000545","Germany","DE","5199","GC0000523","22674"
"9586",3,"GS0004615","GS0000880","Germany","DE","5811","GC0000635",NULL
"9587",3,"GS0004615","GS0000477","Germany","DE","5109","GC0000460","20926"
"9588",4,"GS0000477","GS0001142","Germany","DE","6186","GC0000460","20957"
"9589",4,"GS0000477","GS0000828","Germany","DE","5753","GC0000460","20961"
"9590",4,"GS0000477","GS0001141","Germany","DE","6185","GC0000460","20956"
"9591",4,"GS0000477","GS0000521","Germany","DE","5169","GC0000460","20960"
"9592",3,"GS0004615","GS0000500","Germany","DE","5137","GC0000482","21416"
"9593",4,"GS0000500","GS0000778","Germany","DE","5697","GC0000482","21468"
"9594",4,"GS0000500","GS0037537","Germany","DE","XY03664994","GC0000482","21451"
"9595",4,"GS0000500","GS0000776","Germany","DE","5695","GC0000482","21466"
"9596",3,"GS0004615","GS0000562","Germany","DE","5217","GC0000534",NULL
"9597",3,"GS0004615","GS0000314","Germany","DE","4912","GC0000303",NULL
"9598",3,"GS0004615","GS0000380","Germany","DE","4993","GC0000366",NULL
"9599",3,"GS0004615","GS0001038","Germany","DE","6003","GC0000649",NULL
"9600",3,"GS0004615","GS0000224","Germany","DE","4791","GC0000218",NULL
"9601",3,"GS0004615","GS0000541","Germany","DE","5192","GC0000514","22519"
"9602",4,"GS0000541","GS0000867","Germany","DE","5796","GC0000514","22553"
"9603",4,"GS0000541","GS0014698","Germany","DE","XY03646344","GC0000514","22570"
"9604",4,"GS0000541","GS0031729","Germany","DE","XY03660569","GC0000514","22550"
"9605",3,"GS0004615","GS0000124","Germany","DE","4670","GC0000120",NULL
"9606",3,"GS0004615","GS0000218","Germany","DE","4784","GC0000212",NULL
"9607",3,"GS0004615","GS0000232","Germany","DE","4800","GC0000225",NULL
"9608",3,"GS0004615","GS0000622","Germany","DE","5299","GC0000585",NULL
"9609",4,"GS0000622","GS0001168","Germany","DE","6230","GC0000585",NULL
"9610",4,"GS0000622","GS0001010","Germany","DE","5964","GC0000585",NULL
"9611",4,"GS0000622","GS0001167","Germany","DE","6229","GC0000585",NULL
"9612",3,"GS0004615","GS0000421","Germany","DE","5038","GC0000406",NULL
"9613",3,"GS0004615","GS0043867","Germany","DE","XY03669636","GC0034886","23618"
"9614",4,"GS0043867","GS0043869","Germany","DE","XY03669638","GC0034886","23652"
"9615",4,"GS0043867","GS0045681","Germany","DE","XY03671037","GC0034886","23670"
"9616",4,"GS0043867","GS0043868","Germany","DE","XY03669637","GC0034886","23651"
"9617",4,"GS0043867","GS0045674","Germany","DE","XY03671029","GC0034886","23654"
"9618",4,"GS0043867","GS0075857","Germany","DE","XY03697790","GC0034886",NULL
"9619",3,"GS0004615","GS0000262","Germany","DE","4843","GC0000252",NULL
"9620",3,"GS0004615","GS0001106","Germany","DE","6140","GC0000660",NULL
"9621",4,"GS0001106","GS0001076","Germany","DE","6106","GC0000660",NULL
"9622",4,"GS0001106","GS0000519","Germany","DE","5165","GC0000660",NULL
"9623",4,"GS0001106","GS0001244","Germany","DE","6414","GC0000660",NULL
"9624",4,"GS0001106","GS0014141","Germany","DE","XY03645487","GC0000660",NULL
"9625",3,"GS0004615","GS0000554","Germany","DE","5209","GC0000526",NULL
"9626",4,"GS0000554","GS0009983","Germany","DE","DE00003258","GC0000526",NULL
"9627",4,"GS0000554","GS0009984","Germany","DE","DE00003259","GC0000526",NULL
"9628",3,"GS0004615","GS0000722","Germany","DE","5638","GC0000626",NULL
"9629",NULL,NULL,"HQ NOT_FOUND",NULL,NULL,NULL,NULL,NULL
"9630",2,"HQ NOT_FOUND","GS0004708","Turkey","TR","1452875","GC0003327","581"
"9631",3,"GS0004708","GS00110691","Turkey","TR","GS00110691","GC00109922","58130"
"9632",3,"GS0004708","GS0002370","Turkey","TR","9360","GC0001503","58119"
"9633",3,"GS0004708","GS0002386","Turkey","TR","9376","GC0001516",NULL
"9634",3,"GS0004708","GS0002393","Turkey","TR","9383","GC0001523","58134"
"9635",3,"GS0004708","GS0002380","Turkey","TR","9370","GC0001510","58143"
"9636",3,"GS0004708","GS0014058","Turkey","TR","XY03645345","GC0011264",NULL
"9637",3,"GS0004708","GS0022658","Turkey","TR","XY03655112","GC0017906",NULL
"9638",3,"GS0004708","GS0014053","Turkey","TR","XY03645334","GC0011261","58140"
"9639",3,"GS0004708","GS0019673","Turkey","TR","XY03651971","GC0015361","58142"
"9640",3,"GS0004708","GS0002382","Turkey","TR","9372","GC0001512",NULL
"9641",3,"GS0004708","GS0018931","Turkey","TR","XY03651176","GC0014815",NULL
"9642",3,"GS0004708","GS0002369","Turkey","TR","9359","GC0001502","58111"
"9643",3,"GS0004708","GS0015844","Turkey","TR","XY03647822","GC0012522","58141"
"9644",3,"GS0004708","GS0028780","Turkey","TR","XY03658333","GC0023182","58147"
"9645",3,"GS0004708","GS0002383","Turkey","TR","9373","GC0001513","58125"
"9646",3,"GS0004708","GS0061674","Turkey","TR","XY03684576","GC0050200","58110"
"9647",3,"GS0004708","GS00104468","Turkey","TR","GP00004316","GC00104246","58123"
"9648",3,"GS0004708","GS00110775","Turkey","TR","GS00110775","GC00109966","58149"
"9649",3,"GS0004708","GS0012503","Turkey","TR","XY03642561","GC0010135","58146"
"9650",3,"GS0004708","GS0016592","Turkey","TR","XY03648644","GC0013070","58118"
"9651",3,"GS0004708","GS0014057","Turkey","TR","XY03645340","GC0011263","58145"
"9652",3,"GS0004708","GS0002376","Turkey","TR","9366","GC0001507","58131"
"9653",3,"GS0004708","GS0002381","Turkey","TR","9371","GC0001511","58115"
"9654",3,"GS0004708","GS0014056","Turkey","TR","XY03645339","GC0011262",NULL
"9655",3,"GS0004708","GS0002391","Turkey","TR","9381","GC0001521","58113"
"9656",3,"GS0004708","GS0002385","Turkey","TR","9375","GC0001515","58121"
"9657",3,"GS0004708","GS0002372","Turkey","TR","9362","GC0001505","58133"
"9658",3,"GS0004708","GS0002387","Turkey","TR","9377","GC0001517","58122"
"9659",3,"GS0004708","GS0012512","Turkey","TR","XY03642582","GC0010141","58126"
"9660",3,"GS0004708","GS0019433","Turkey","TR","XY03651711","GC0015174","58128"
"9661",3,"GS0004708","GS0030474","Turkey","TR","XY03659602","GC0024546","58127"
"9662",3,"GS0004708","GS0012515","Turkey","TR","XY03642586","GC0010144","58144"
"9663",2,"GS0011294","GS0004708","Turkey","TR","1452875","GC0003327","581"
