id,hierarchy_level,immediate_higher_level_sales_unit_id,sales_unit_id,country,country_iso_code,gssn_classic_id,company_id,vbet
8540,1,NULL,GS0011294,Germany,DE,XC00000114,GC0009056,VP/V
8815,2,GS0011294,GS0004615,Germany,DE,1452741,GC0009056,374
8816,3,GS0004615,GS0014987,Germany,DE,XY03646838,GC0009056,NULL
8817,3,GS0004615,GS0000494,Germany,DE,5131,GC0009056,214
8818,4,GS0000494,GS0006293,Germany,DE,AN00002100,GC0009056,NULL
8819,4,GS0000494,GS0078170,Germany,DE,XY03699867,GC0009056,NULL
8820,4,GS0000494,GS0000754,Germany,DE,5673,GC0009056,21400UN
8821,4,GS0000494,GS0000755,Germany,DE,5674,GC0009056,21400LU
8822,4,GS0000494,GS0015323,Germany,DE,XY03647220,GC0009056,21407
8823,4,GS0000494,GS0001218,Germany,DE,6308,GC0009056,21400HI
8824,3,GS0004615,GS0001114,Germany,DE,6150,GC0009056,212
8825,4,GS0001114,GS0000747,Germany,DE,5664,GC0009056,2120008
8826,4,GS0001114,GS0006292,Germany,DE,AN00002099,GC0009056,NULL
8827,4,GS0001114,GS0017147,Germany,DE,XY03649247,GC0009056,NULL
8828,4,GS0001114,GS0033908,Germany,DE,XY03662390,GC0009056,2120006
8829,4,GS0001114,GS0000746,Germany,DE,5663,GC0009056,2120005
8830,4,GS0001114,GS0000742,Germany,DE,5659,GC0009056,2120001
8831,4,GS0001114,GS0000743,Germany,DE,5660,GC0009056,NULL
8832,4,GS0001114,GS0014421,Germany,DE,XY03645946,GC0009056,NULL
8833,4,GS0001114,GS0014127,Germany,DE,XY03645469,GC0009056,NULL
8834,3,GS0004615,GS0001117,Germany,DE,6154,GC0065178,NULL
8835,3,GS0004615,GS0000756,Germany,DE,5675,GC0065178,NULL
8836,3,GS0004615,GS0001084,Germany,DE,6117,GC0009056,226
8837,4,GS0001084,GS0000868,Germany,DE,5797,GC0009056,NULL
8838,4,GS0001084,GS0030208,Germany,DE,XY03659399,GC0009056,NULL
8839,4,GS0001084,GS0001144,Germany,DE,6188,GC0009056,NULL
8840,4,GS0001084,GS0006298,Germany,DE,AN00002105,GC0009056,NULL
8841,4,GS0001084,GS0016978,Germany,DE,XY03649075,GC0009056,NULL
8842,4,GS0001084,GS00112059,Germany,DE,GS00112059,GC0009056,NULL
8843,4,GS0001084,GS0030209,Germany,DE,XY03659400,GC0009056,NULL
8844,4,GS0001084,GS00101241,Germany,DE,GP00001130,GC0009056,NULL
8845,4,GS0001084,GS0030217,Germany,DE,XY03659404,GC0009056,NULL
8846,4,GS0001084,GS0010387,Germany,DE,DE02260301,GC0009056,NULL
8847,3,GS0004615,GS0000633,Germany,DE,5313,GC0009056,245
8848,4,GS0000633,GS0017063,Germany,DE,XY03649160,GC0009056,NULL
8849,4,GS0000633,GS0001080,Germany,DE,6112,GC0009056,NULL
8850,4,GS0000633,GS0000634,Germany,DE,5314,GC0009056,NULL
8851,3,GS0004615,GS0000470,Germany,DE,5101,GC0009056,NULL
8852,4,GS0000470,GS0078161,Germany,DE,XY03699859,GC0009056,NULL
8853,3,GS0004615,GS0000631,Germany,DE,5310,GC0009056,NULL
8854,4,GS0000631,GS0001146,Germany,DE,6191,GC0009056,NULL
8855,4,GS0000631,GS0001147,Germany,DE,6192,GC0009056,NULL
8856,4,GS0000631,GS0001029,Germany,DE,5987,GC0009056,NULL
8857,4,GS0000631,GS0006300,Germany,DE,AN00002107,GC0009056,NULL
8858,4,GS0000631,GS0001030,Germany,DE,5988,GC0009056,NULL
8859,3,GS0004615,GS0000591,Germany,DE,5262,GC0009056,NULL
8860,4,GS0000591,GS0000958,Germany,DE,5906,GC0009056,NULL
8861,4,GS0000591,GS0012874,Germany,DE,XY03643271,GC0009056,NULL
8862,4,GS0000591,GS0022665,Germany,DE,XY03655120,GC0009056,NULL
8863,4,GS0000591,GS0000959,Germany,DE,5907,GC0009056,NULL
8864,4,GS0000591,GS0000594,Germany,DE,5266,GC0009056,NULL
8865,4,GS0000591,GS0020231,Germany,DE,XY03652565,GC0009056,NULL
8866,4,GS0000591,GS0017015,Germany,DE,XY03649112,GC0009056,NULL
8867,4,GS0000591,GS0033930,Germany,DE,XY03662405,GC0009056,NULL
8868,3,GS0004615,GS0001078,Germany,DE,6108,GC0009056,NULL
8869,4,GS0001078,GS0017013,Germany,DE,XY03649110,GC0009056,NULL
8870,4,GS0001078,GS0000954,Germany,DE,5902,GC0009056,NULL
8871,4,GS0001078,GS0017011,Germany,DE,XY03649108,GC0009056,NULL
8872,4,GS0001078,GS0000956,Germany,DE,5904,GC0009056,NULL
8873,4,GS0001078,GS0019205,Germany,DE,XY03651474,GC0009056,NULL
8874,4,GS0001078,GS0017014,Germany,DE,XY03649111,GC0009056,NULL
8875,4,GS0001078,GS0014202,Germany,DE,XY03645586,GC0009056,NULL
8876,4,GS0001078,GS0020732,Germany,DE,XY03653086,GC0009056,NULL
8877,3,GS0004615,GS0076637,Germany,DE,XY03698526,GC0064750,4290
8878,3,GS0004615,GS0019425,Germany,DE,XY03651702,GC0015169,NULL
8879,3,GS0004615,GS0016115,Germany,DE,XY03648131,GC0009056,NULL
8880,3,GS0004615,GS0034664,Germany,DE,XY03662801,GC0065178,NULL
8881,3,GS0004615,GS0000832,Germany,DE,5757,GC0065178,NULL
8882,3,GS0004615,GS0001044,Germany,DE,6010,GC0065178,NULL
8883,3,GS0004615,GS0000825,Germany,DE,5748,GC0065178,NULL
8884,3,GS0004615,GS0000919,Germany,DE,5862,GC0065178,NULL
8885,3,GS0004615,GS0000856,Germany,DE,5785,GC0065178,NULL
8886,3,GS0004615,GS0015770,Germany,DE,XY03647744,GC0009056,239
8887,4,GS0015770,GS00112065,Germany,DE,GS00112065,GC0009056,NULL
8888,4,GS0015770,GS0017044,Germany,DE,XY03649141,GC0009056,NULL
8889,4,GS0015770,GS0025842,Germany,DE,XY03655661,GC0009056,NULL
8890,4,GS0015770,GS0025840,Germany,DE,XY03655660,GC0009056,NULL
8891,4,GS0015770,GS0017045,Germany,DE,XY03649142,GC0009056,NULL
8892,4,GS0015770,GS0020870,Germany,DE,XY03653228,GC0009056,NULL
8893,4,GS0015770,GS0077123,Germany,DE,XY03698957,GC0009056,NULL
8894,4,GS0015770,GS0017043,Germany,DE,XY03649140,GC0009056,NULL
8895,4,GS0015770,GS0000570,Germany,DE,5231,GC0009056,NULL
8896,3,GS0004615,GS0000644,Germany,DE,5337,GC0065178,NULL
8897,3,GS0004615,GS0000639,Germany,DE,5323,GC0009056,249
8898,4,GS0000639,GS0078192,Germany,DE,XY03699888,GC0009056,NULL
8899,3,GS0004615,GS0000534,Germany,DE,5185,GC0009056,223
8900,4,GS0000534,GS0014709,Germany,DE,XY03646356,GC0009056,NULL
8901,4,GS0000534,GS0014711,Germany,DE,XY03646358,GC0009056,NULL
8902,4,GS0000534,GS0014712,Germany,DE,XY03646359,GC0009056,NULL
8903,3,GS0004615,GS0000626,Germany,DE,5303,GC0009056,NULL
8904,4,GS0000626,GS0025812,Germany,DE,XY03655641,GC0009056,NULL
8905,4,GS0000626,GS0001018,Germany,DE,5972,GC0009056,NULL
8906,4,GS0000626,GS0026295,Germany,DE,XY03656049,GC0009056,NULL
8907,4,GS0000626,GS0017059,Germany,DE,XY03649156,GC0009056,NULL
8908,4,GS0000626,GS0017058,Germany,DE,XY03649155,GC0009056,NULL
8909,4,GS0000626,GS0037533,Germany,DE,XY03664991,GC0009056,NULL
8910,4,GS0000626,GS0013257,Germany,DE,XY03643875,GC0009056,NULL
8911,4,GS0000626,GS0017060,Germany,DE,XY03649157,GC0009056,NULL
8912,4,GS0000626,GS0025838,Germany,DE,XY03655659,GC0009056,NULL
8913,3,GS0004615,GS0000611,Germany,DE,5288,GC0009056,NULL
8914,4,GS0000611,GS0001215,Germany,DE,6299,GC0009056,NULL
8915,4,GS0000611,GS0000987,Germany,DE,5941,GC0009056,NULL
8916,3,GS0004615,GS0001120,Germany,DE,6157,GC0009056,219
8917,4,GS0001120,GS0014142,Germany,DE,XY03645488,GC0009056,NULL
8918,4,GS0001120,GS0014138,Germany,DE,XY03645480,GC0009056,NULL
8919,4,GS0001120,GS0001126,Germany,DE,6168,GC0009056,NULL
8920,4,GS0001120,GS0006296,Germany,DE,AN00002103,GC0009056,NULL
8921,4,GS0001120,GS0001125,Germany,DE,6167,GC0009056,NULL
8922,4,GS0001120,GS0005182,Germany,DE,DE022757,GC0009056,NULL
8923,4,GS0001120,GS0000824,Germany,DE,5747,GC0009056,NULL
8924,4,GS0001120,GS0035496,Germany,DE,XY03663342,GC0009056,NULL
8925,3,GS0004615,GS0000600,Germany,DE,5276,GC0009056,240
8926,4,GS0000600,GS0001085,Germany,DE,6118,GC0009056,NULL
8927,4,GS0000600,GS0017048,Germany,DE,XY03649145,GC0009056,NULL
8928,4,GS0000600,GS0032656,Germany,DE,XY03661341,GC0009056,NULL
8929,4,GS0000600,GS0034892,Germany,DE,XY03662940,GC0009056,NULL
8930,4,GS0000600,GS0000973,Germany,DE,5925,GC0009056,NULL
8931,4,GS0000600,GS0017051,Germany,DE,XY03649148,GC0009056,NULL
8932,4,GS0000600,GS0017050,Germany,DE,XY03649147,GC0009056,NULL
8933,4,GS0000600,GS0017052,Germany,DE,XY03649149,GC0009056,NULL
8934,4,GS0000600,GS0017053,Germany,DE,XY03649150,GC0009056,NULL
8935,4,GS0000600,GS0000974,Germany,DE,5926,GC0009056,NULL
8936,3,GS0004615,GS0046694,Germany,DE,XY03671875,GC0009056,217
8937,4,GS0046694,GS0017119,Germany,DE,XY03649219,GC0009056,NULL
8938,4,GS0046694,GS0037305,Germany,DE,XY03664784,GC0009056,NULL
8939,4,GS0046694,GS0013646,Germany,DE,XY03644546,GC0009056,NULL
8940,4,GS0046694,GS0000507,Germany,DE,5148,GC0009056,NULL
8941,4,GS0046694,GS0014137,Germany,DE,XY03645479,GC0009056,NULL
8942,4,GS0046694,GS0078191,Germany,DE,XY03699886,GC0009056,NULL
8943,3,GS0004615,GS0000578,Germany,DE,5242,GC0009056,NULL
8944,4,GS0000578,GS0000931,Germany,DE,5874,GC0009056,NULL
8945,4,GS0000578,GS00112063,Germany,DE,GS00112063,GC0009056,NULL
8946,4,GS0000578,GS0015305,Germany,DE,XY03647201,GC0009056,NULL
8947,4,GS0000578,GS00112062,Germany,DE,GS00112062,GC0009056,NULL
8948,4,GS0000578,GS0000930,Germany,DE,5873,GC0009056,NULL
8949,3,GS0004615,GS0035398,Germany,DE,XY03663274,GC0065178,NULL
8950,3,GS0004615,GS0000943,Germany,DE,5888,GC0065178,NULL
8951,3,GS0004615,GS0000475,Germany,DE,5107,GC0009056,NULL
8952,4,GS0000475,GS0017037,Germany,DE,XY03649134,GC0009056,NULL
8953,4,GS0000475,GS0014123,Germany,DE,XY03645463,GC0009056,NULL
8954,4,GS0000475,GS0017038,Germany,DE,XY03649135,GC0009056,NULL
8955,4,GS0000475,GS0018150,Germany,DE,XY03650349,GC0009056,NULL
8956,3,GS0004615,GS0010844,Germany,DE,GB00000001,GC0009056,NULL
8957,4,GS0010844,GS00112064,Germany,DE,GS00112064,GC0009056,NULL
8958,4,GS0010844,GS0001177,Germany,DE,6243,GC0009056,NULL
8959,4,GS0010844,GS0016981,Germany,DE,XY03649078,GC0009056,NULL
8960,4,GS0010844,GS0000901,Germany,DE,5835,GC0009056,NULL
8961,4,GS0010844,GS0000563,Germany,DE,5220,GC0009056,229
8962,4,GS0010844,GS0005185,Germany,DE,DE022878,GC0009056,NULL
8963,4,GS0010844,GS0000899,Germany,DE,5833,GC0009056,NULL
8964,4,GS0010844,GS0001173,Germany,DE,6238,GC0009056,NULL
8965,4,GS0010844,GS0000897,Germany,DE,5831,GC0009056,NULL
8966,4,GS0010844,GS0000898,Germany,DE,5832,GC0009056,NULL
8967,3,GS0004615,GS0016114,Germany,DE,XY03648130,GC0009056,NULL
8968,3,GS0004615,GS0000883,Germany,DE,5814,GC0065178,NULL
8969,4,GS0000883,GS0000244,Germany,DE,4819,GC0065178,NULL
8970,3,GS0004615,GS0056419,Germany,DE,XY03679715,GC0009056,NULL
8971,3,GS0004615,GS0016112,Germany,DE,XY03648128,GC0009056,NULL
8972,3,GS0004615,GS0000575,Germany,DE,5236,GC0009056,NULL
8973,4,GS0000575,GS0001077,Germany,DE,6107,GC0009056,NULL
8974,4,GS0000575,GS0020409,Germany,DE,XY03652749,GC0009056,NULL
8975,4,GS0000575,GS0016989,Germany,DE,XY03649086,GC0009056,NULL
8976,4,GS0000575,GS0035049,Germany,DE,XY03663069,GC0009056,NULL
8977,4,GS0000575,GS0016991,Germany,DE,XY03649088,GC0009056,NULL
8978,4,GS0000575,GS0016987,Germany,DE,XY03649084,GC0009056,NULL
8979,4,GS0000575,GS0016990,Germany,DE,XY03649087,GC0009056,NULL
8980,4,GS0000575,GS0016986,Germany,DE,XY03649083,GC0009056,NULL
8981,4,GS0000575,GS0016985,Germany,DE,XY03649082,GC0009056,NULL
8982,3,GS0004615,GS0000517,Germany,DE,5161,GC0009056,NULL
8983,4,GS0000517,GS0009506,Germany,DE,DE00002171,GC0009056,NULL
8984,4,GS0000517,GS0026728,Germany,DE,XY03656411,GC0009056,NULL
8985,4,GS0000517,GS0017123,Germany,DE,XY03649223,GC0009056,NULL
8986,4,GS0000517,GS0017125,Germany,DE,XY03649225,GC0009056,NULL
8987,4,GS0000517,GS0017122,Germany,DE,XY03649222,GC0009056,NULL
8988,4,GS0000517,GS0017121,Germany,DE,XY03649221,GC0009056,NULL
8989,4,GS0000517,GS0017120,Germany,DE,XY03649220,GC0009056,NULL
8990,4,GS0000517,GS0017124,Germany,DE,XY03649224,GC0009056,NULL
8991,3,GS0004615,GS0000502,Germany,DE,5141,GC0009056,216
8992,4,GS0000502,GS0049549,Germany,DE,XY03674046,GC0009056,NULL
8993,4,GS0000502,GS0000782,Germany,DE,5704,GC0009056,NULL
8994,4,GS0000502,GS0035268,Germany,DE,XY03663193,GC0009056,NULL
8995,4,GS0000502,GS0009490,Germany,DE,DE00002154,GC0009056,21602
8996,4,GS0000502,GS0000779,Germany,DE,5700,GC0009056,21601
8997,4,GS0000502,GS0035270,Germany,DE,XY03663194,GC0009056,NULL
8998,4,GS0000502,GS0042789,Germany,DE,XY03668889,GC0009056,21682
8999,4,GS0000502,GS0017110,Germany,DE,XY03649210,GC0009056,NULL
9000,4,GS0000502,GS0009504,Germany,DE,DE00002169,GC0009056,21608
9001,4,GS0000502,GS0001223,Germany,DE,6345,GC0009056,21614
9002,4,GS0000502,GS0017112,Germany,DE,XY03649212,GC0009056,NULL
9003,3,GS0004615,GS0000636,Germany,DE,5317,GC0065178,NULL
9004,3,GS0004615,GS0016113,Germany,DE,XY03648129,GC0009056,NULL
9005,3,GS0004615,GS00112010,Germany,DE,GS00112010,GC0009056,NULL
9006,3,GS0004615,GS0000839,Germany,DE,5766,GC0065178,NULL
9007,3,GS0004615,GS0000531,Germany,DE,5182,GC0009056,222
9008,4,GS0000531,GS0014172,Germany,DE,XY03645530,GC0009056,NULL
9009,4,GS0000531,GS0050162,Germany,DE,XY03674517,GC0009056,NULL
9010,4,GS0000531,GS0000850,Germany,DE,5777,GC0009056,NULL
9011,4,GS0000531,GS0001190,Germany,DE,6262,GC0009056,NULL
9012,3,GS0004615,GS0001205,Germany,DE,6286,GC0009056,247
9013,4,GS0001205,GS0012226,Germany,DE,XY03641965,GC0009056,NULL
9014,3,GS0004615,GS0035688,Germany,DE,XY03663463,GC0065178,NULL
9015,3,GS0004615,GS0021707,Germany,DE,XY03654104,GC0065178,NULL
9016,3,GS0004615,GS0000929,Germany,DE,5872,GC0065178,NULL
9017,3,GS0004615,GS0000584,Germany,DE,5252,GC0009056,NULL
9018,4,GS0000584,GS0016996,Germany,DE,XY03649093,GC0009056,NULL
9019,4,GS0000584,GS0025916,Germany,DE,XY03655724,GC0009056,NULL
9020,4,GS0000584,GS0016994,Germany,DE,XY03649091,GC0009056,NULL
9021,4,GS0000584,GS0016999,Germany,DE,XY03649096,GC0009056,NULL
9022,4,GS0000584,GS0016997,Germany,DE,XY03649094,GC0009056,NULL
9023,4,GS0000584,GS0016944,Germany,DE,XY03649033,GC0009056,NULL
9024,4,GS0000584,GS0025609,Germany,DE,XY03655467,GC0009056,NULL
9025,4,GS0000584,GS0017004,Germany,DE,XY03649101,GC0009056,NULL
9026,4,GS0000584,GS0016995,Germany,DE,XY03649092,GC0009056,NULL
9027,4,GS0000584,GS0019052,Germany,DE,XY03651302,GC0009056,NULL
9028,4,GS0000584,GS0001217,Germany,DE,6307,GC0009056,NULL
9029,4,GS0000584,GS0017002,Germany,DE,XY03649099,GC0009056,NULL
9030,4,GS0000584,GS0000942,Germany,DE,5887,GC0009056,NULL
9031,4,GS0000584,GS0046717,Germany,DE,XY03671892,GC0009056,NULL
9032,4,GS0000584,GS0017001,Germany,DE,XY03649098,GC0009056,NULL
9033,4,GS0000584,GS0031490,Germany,DE,XY03660387,GC0009056,NULL
9034,4,GS0000584,GS0008499,Germany,DE,DE00000182,GC0009056,NULL
9035,4,GS0000584,GS0016993,Germany,DE,XY03649090,GC0009056,NULL
9036,4,GS0000584,GS0017003,Germany,DE,XY03649100,GC0009056,NULL
9037,4,GS0000584,GS0017000,Germany,DE,XY03649097,GC0009056,NULL
9038,4,GS0000584,GS0019955,Germany,DE,XY03652269,GC0009056,NULL
9039,3,GS0004615,GS0015149,Germany,DE,XY03647037,GC0009056,NULL
9040,3,GS0004615,GS0000485,Germany,DE,5117,GC0009056,NULL
9041,4,GS0000485,GS0017039,Germany,DE,XY03649136,GC0009056,NULL
9042,4,GS0000485,GS0014126,Germany,DE,XY03645468,GC0009056,NULL
9043,4,GS0000485,GS0020731,Germany,DE,XY03653085,GC0009056,NULL
9044,4,GS0000485,GS0078166,Germany,DE,XY03699864,GC0009056,NULL
9045,3,GS0004615,GS0012499,Germany,DE,XY03642533,GC0009056,NULL
9046,3,GS0004615,GS0016111,Germany,DE,XY03648127,GC0009056,NULL
9047,3,GS0004615,GS0000603,Germany,DE,5280,GC0009056,NULL
9048,4,GS0000603,GS0014204,Germany,DE,XY03645589,GC0009056,NULL
9049,4,GS0000603,GS0032899,Germany,DE,XY03661549,GC0009056,NULL
9050,4,GS0000603,GS0000978,Germany,DE,5931,GC0009056,NULL
9051,4,GS0000603,GS0030584,Germany,DE,XY03659677,GC0009056,NULL
9052,4,GS0000603,GS0000965,Germany,DE,5914,GC0009056,NULL
9053,3,GS0004615,GS0000529,Germany,DE,5179,GC0009056,221
9054,4,GS0000529,GS0015404,Germany,DE,XY03647320,GC0009056,NULL
9055,4,GS0000529,GS0078176,Germany,DE,XY03699873,GC0009056,NULL
9056,4,GS0000529,GS0078184,Germany,DE,XY03699881,GC0009056,NULL
9057,4,GS0000529,GS0014153,Germany,DE,XY03645511,GC0009056,NULL
9058,4,GS0000529,GS0014119,Germany,DE,XY03645458,GC0009056,NULL
9059,4,GS0000529,GS0014152,Germany,DE,XY03645510,GC0009056,NULL
9060,4,GS0000529,GS0000841,Germany,DE,5768,GC0009056,NULL
9061,4,GS0000529,GS0014151,Germany,DE,XY03645509,GC0009056,NULL
9062,4,GS0000529,GS0000840,Germany,DE,5767,GC0009056,NULL
9063,3,GS0004615,GS0000031,Germany,DE,4567,GC0000028,NULL
9064,3,GS0004615,GS0000460,Germany,DE,5091,GC0009056,NULL
9065,4,GS0000460,GS0017139,Germany,DE,XY03649239,GC0009056,NULL
9066,4,GS0000460,GS0030051,Germany,DE,XY03659265,GC0009056,NULL
9067,4,GS0000460,GS0005179,Germany,DE,DE022568,GC0009056,NULL
9068,4,GS0000460,GS0016889,Germany,DE,XY03648975,GC0009056,NULL
9069,4,GS0000460,GS0017021,Germany,DE,XY03649118,GC0009056,NULL
9070,4,GS0000460,GS0017029,Germany,DE,XY03649126,GC0009056,NULL
9071,3,GS0004615,GS0022638,Germany,DE,XY03655091,GC0065178,NULL
9072,4,GS0022638,GS00111435,Germany,DE,GS00111435,GC0065178,NULL
9073,3,GS0004615,GS0018911,Germany,DE,XY03651154,GC0014795,NULL
9074,3,GS0004615,GS0012224,Germany,DE,XY03641963,GC0065178,NULL
9075,3,GS0004615,GS0012919,Germany,DE,XY03643348,GC0009056,NULL
9076,4,GS0012919,GS0008500,Germany,DE,DE00000183,GC0009056,NULL
9077,4,GS0012919,GS0005344,Germany,DE,DE0221133,GC0009056,NULL
9078,4,GS0012919,GS0008501,Germany,DE,DE00000184,GC0009056,NULL
9079,4,GS0012919,GS0017077,Germany,DE,XY03649174,GC0009056,NULL
9080,4,GS0012919,GS0001037,Germany,DE,5999,GC0009056,NULL
9081,4,GS0012919,GS0017073,Germany,DE,XY03649170,GC0009056,NULL
9082,4,GS0012919,GS0017071,Germany,DE,XY03649168,GC0009056,NULL
9083,4,GS0012919,GS0016447,Germany,DE,XY03648487,GC0009056,NULL
9084,4,GS0012919,GS0017081,Germany,DE,XY03649178,GC0009056,NULL
9085,4,GS0012919,GS0017080,Germany,DE,XY03649177,GC0009056,NULL
9086,4,GS0012919,GS0008502,Germany,DE,DE00000185,GC0009056,NULL
9087,4,GS0012919,GS0021852,Germany,DE,XY03654260,GC0009056,NULL
9088,4,GS0012919,GS0017070,Germany,DE,XY03649167,GC0009056,NULL
9089,4,GS0012919,GS0017072,Germany,DE,XY03649169,GC0009056,NULL
9090,4,GS0012919,GS0020385,Germany,DE,XY03652725,GC0009056,NULL
9091,4,GS0012919,GS0017068,Germany,DE,XY03649165,GC0009056,NULL
9092,4,GS0012919,GS0017074,Germany,DE,XY03649171,GC0009056,NULL
9093,4,GS0012919,GS0017078,Germany,DE,XY03649175,GC0009056,NULL
9094,4,GS0012919,GS0017069,Germany,DE,XY03649166,GC0009056,NULL
9095,4,GS0012919,GS0017079,Germany,DE,XY03649176,GC0009056,NULL
9096,3,GS0004615,GS0001088,Germany,DE,6121,GC0065178,NULL
9097,3,GS0004615,GS0015962,Germany,DE,XY03647964,GC0009056,NULL
9098,3,GS0004615,GS0000599,Germany,DE,5275,GC0065178,NULL
9099,3,GS0004615,GS0000488,Germany,DE,5120,GC0009056,NULL
9100,3,GS0004615,GS0000595,Germany,DE,5267,GC0009056,NULL
9101,4,GS0000595,GS0012389,Germany,DE,XY03642350,GC0009056,NULL
9102,4,GS0000595,GS0017019,Germany,DE,XY03649116,GC0009056,NULL
9103,4,GS0000595,GS0010392,Germany,DE,DE02380401,GC0009056,NULL
9104,4,GS0000595,GS0001139,Germany,DE,6183,GC0009056,NULL
9105,4,GS0000595,GS0000967,Germany,DE,5916,GC0009056,NULL
9106,3,GS0004615,GS0016108,Germany,DE,XY03648124,GC0009056,NULL
9107,3,GS0004615,GS0040831,Germany,DE,XY03667301,GC0009056,NULL
9108,3,GS0004615,GS00110309,Germany,DE,GS00110309,GC0065178,NULL
9109,3,GS0004615,GS0000474,Germany,DE,5106,GC0009056,208
9110,4,GS0000474,GS0021981,Germany,DE,XY03654392,GC0009056,NULL
9111,3,GS0004615,GS0000552,Germany,DE,5207,GC0009056,227
9112,4,GS0000552,GS0001232,Germany,DE,6374,GC0009056,NULL
9113,4,GS0000552,GS0036301,Germany,DE,XY03663881,GC0009056,NULL
9114,4,GS0000552,GS00112060,Germany,DE,GS00112060,GC0009056,NULL
9115,4,GS0000552,GS0014191,Germany,DE,XY03645573,GC0009056,NULL
9116,4,GS0000552,GS0001234,Germany,DE,6376,GC0009056,NULL
9117,4,GS0000552,GS0000884,Germany,DE,5815,GC0009056,NULL
9118,4,GS0000552,GS0046718,Germany,DE,XY03671893,GC0009056,NULL
9119,4,GS0000552,GS0078187,Germany,DE,XY03699884,GC0009056,NULL
9120,3,GS0004615,GS0000535,Germany,DE,5186,GC0009056,225
9121,4,GS0000535,GS0006297,Germany,DE,AN00002104,GC0009056,NULL
9122,4,GS0000535,GS0017128,Germany,DE,XY03649228,GC0009056,NULL
9123,4,GS0000535,GS0000857,Germany,DE,5786,GC0009056,NULL
9124,4,GS0000535,GS0013643,Germany,DE,XY03644543,GC0009056,NULL
9125,4,GS0000535,GS0013263,Germany,DE,XY03643882,GC0009056,NULL
9126,3,GS0004615,GS0000523,Germany,DE,5172,GC0009056,220
9127,4,GS0000523,GS0000831,Germany,DE,5756,GC0009056,NULL
9128,4,GS0000523,GS0008497,Germany,DE,DE00000180,GC0009056,NULL
9129,4,GS0000523,GS00112061,Germany,DE,GS00112061,GC0009056,NULL
9130,4,GS0000523,GS0078175,Germany,DE,XY03699872,GC0009056,NULL
9131,4,GS0000523,GS0022331,Germany,DE,XY03654760,GC0009056,NULL
9132,4,GS0000523,GS0008496,Germany,DE,DE00000179,GC0009056,NULL
9133,4,GS0000523,GS0000830,Germany,DE,5755,GC0009056,NULL
9134,4,GS0000523,GS0030460,Germany,DE,XY03659591,GC0009056,NULL
9135,4,GS0000523,GS0030370,Germany,DE,XY03659518,GC0009056,NULL
9136,4,GS0000523,GS0037743,Germany,DE,XY03665127,GC0009056,NULL
9137,3,GS0004615,GS0000464,Germany,DE,5095,GC0009056,NULL
9138,4,GS0000464,GS0001238,Germany,DE,6389,GC0009056,NULL
9139,4,GS0000464,GS0001220,Germany,DE,6337,GC0009056,NULL
9140,4,GS0000464,GS0001231,Germany,DE,6372,GC0009056,NULL
9141,4,GS0000464,GS0000724,Germany,DE,5641,GC0009056,NULL
9142,4,GS0000464,GS0010380,Germany,DE,DE02040120,GC0009056,NULL
9143,4,GS0000464,GS0000725,Germany,DE,5642,GC0009056,NULL
9144,3,GS0004615,GS0038400,Germany,DE,XY03665506,GC0009056,NULL
9207,3,GS0004615,GS0000341,Germany,DE,4945,GC0000330,NULL
9208,3,GS0004615,GS0000623,Germany,DE,5300,GC0000586,NULL
9209,3,GS0004615,GS0000565,Germany,DE,5222,GC0000537,22915
9210,4,GS0000565,GS0000907,Germany,DE,5842,GC0000537,22963
9211,4,GS0000565,GS0006299,Germany,DE,AN00002106,GC0000537,22988
9212,3,GS0004615,GS0000681,Germany,DE,5589,GC0000620,NULL
9213,3,GS0004615,GS0000258,Germany,DE,4835,GC0000248,NULL
9214,3,GS0004615,GS0000495,Germany,DE,5132,GC0000477,21410
9215,4,GS0000495,GS0000757,Germany,DE,5676,GC0000477,21410BE
9216,4,GS0000495,GS0001149,Germany,DE,6195,GC0000477,21483
9217,4,GS0000495,GS0030488,Germany,DE,XY03659610,GC0000477,21456
9218,4,GS0000495,GS0031736,Germany,DE,XY03660576,GC0000477,21459
9219,4,GS0000495,GS0000758,Germany,DE,5677,GC0000477,21410HA
9220,3,GS0004615,GS0000453,Germany,DE,5075,GC0000438,NULL
9221,3,GS0004615,GS0000271,Germany,DE,4853,GC0000261,NULL
9222,3,GS0004615,GS0000654,Germany,DE,5527,GC0000615,NULL
9223,3,GS0004615,GS0000346,Germany,DE,4951,GC0000333,NULL
9224,3,GS0004615,GS0001096,Germany,DE,6129,GC0000657,NULL
9225,3,GS0004615,GS0001199,Germany,DE,6276,GC0000686,23313
9226,4,GS0001199,GS0037867,Germany,DE,XY03665191,GC0000686,23356
9227,4,GS0001199,GS0000934,Germany,DE,5877,GC0000686,23358
9228,4,GS0001199,GS0000933,Germany,DE,5876,GC0000686,23352
9229,4,GS0001199,GS0025830,Germany,DE,XY03655653,GC0000686,23353
9230,4,GS0001199,GS0001243,Germany,DE,6412,GC0000686,23374
9231,4,GS0001199,GS0037866,Germany,DE,XY03665190,GC0000686,23354
9232,4,GS0001199,GS0000525,Germany,DE,5174,GC0000686,23371
9233,3,GS0004615,GS0000027,Germany,DE,4562,GC0000024,NULL
9234,3,GS0004615,GS0000564,Germany,DE,5221,GC0000536,NULL
9235,4,GS0000564,GS0092617,Germany,DE,XY03713097,GC0000536,251SA68
9236,4,GS0000564,GS00111744,Germany,DE,GS00111744,GC0000536,NULL
9237,4,GS0000564,GS0014873,Germany,DE,XY03646624,GC0000536,2291302
9238,4,GS0000564,GS00111745,Germany,DE,GS00111745,GC0000536,NULL
9239,4,GS0000564,GS0014874,Germany,DE,XY03646625,GC0000536,2291303
9240,3,GS0004615,GS0000559,Germany,DE,5214,GC0000531,NULL
9241,3,GS0004615,GS0000164,Germany,DE,4717,GC0000160,NULL
9242,3,GS0004615,GS0019917,Germany,DE,XY03652231,GC0015573,20320
9243,4,GS0019917,GS0019962,Germany,DE,XY03652279,GC0015573,312
9244,3,GS0004615,GS0000291,Germany,DE,4881,GC0000280,NULL
9245,3,GS0004615,GS0000102,Germany,DE,4643,GC0000098,NULL
9246,3,GS0004615,GS0000255,Germany,DE,4832,GC0000245,NULL
9247,3,GS0004615,GS0000513,Germany,DE,5154,GC0000494,21717
9248,4,GS0000513,GS0000812,Germany,DE,5734,GC0000494,21759
9249,4,GS0000513,GS0000512,Germany,DE,5153,GC0000494,21780
9250,4,GS0000513,GS0042660,Germany,DE,XY03668804,GC0000494,21751
9251,3,GS0004615,GS0044069,Germany,DE,XY03669769,GC0035035,20417
9252,4,GS0044069,GS0093455,Germany,DE,XY03713827,GC0035035,20453
9253,4,GS0044069,GS00112083,Germany,DE,GS00112083,GC0035035,NULL
9254,4,GS0044069,GS0044070,Germany,DE,XY03669770,GC0035035,20465
9255,4,GS0044069,GS0044071,Germany,DE,XY03669771,GC0035035,20466
9256,3,GS0004615,GS0000553,Germany,DE,5208,GC0000525,NULL
9257,3,GS0004615,GS0000571,Germany,DE,5232,GC0000542,23911
9258,4,GS0000571,GS0044435,Germany,DE,XY03670056,GC0000542,23951
9259,4,GS0000571,GS0000913,Germany,DE,5856,GC0000542,23953
9260,3,GS0004615,GS0000546,Germany,DE,5200,GC0000518,22620
9261,4,GS0000546,GS0047666,Germany,DE,XY03672608,GC0000518,NULL
9262,4,GS0000546,GS0000872,Germany,DE,5803,GC0000518,22665
9263,3,GS0004615,GS0010393,Germany,DE,DE02391801,GC0008293,23918
9264,4,GS0010393,GS0000917,Germany,DE,5860,GC0008293,23954
9265,4,GS0010393,GS0001102,Germany,DE,6136,GC0008293,23961
9266,4,GS0010393,GS0000573,Germany,DE,5234,GC0008293,23955
9267,4,GS0010393,GS0001100,Germany,DE,6134,GC0008293,23959
9268,4,GS0010393,GS0001103,Germany,DE,6137,GC0008293,23962
9269,3,GS0004615,GS0000568,Germany,DE,5226,GC0000540,NULL
9270,3,GS0004615,GS0000176,Germany,DE,4736,GC0000172,NULL
9271,3,GS0004615,GS0000927,Germany,DE,5870,GC0000645,NULL
9272,3,GS0004615,GS0000140,Germany,DE,4687,GC0000136,NULL
9273,3,GS0004615,GS0000183,Germany,DE,4744,GC0000179,NULL
9274,3,GS0004615,GS0000490,Germany,DE,5123,GC0000472,NULL
9275,3,GS0004615,GS00107039,Germany,DE,GS00107039,GC00106679,22517
9276,4,GS00107039,GS00107053,Germany,DE,GS00107053,GC00106679,22585
9277,4,GS00107039,GS00107043,Germany,DE,GS00107043,GC00106679,22578
9278,4,GS00107039,GS00107055,Germany,DE,GS00107055,GC00106679,22586
9279,4,GS00107039,GS00107046,Germany,DE,GS00107046,GC00106679,22574
9280,4,GS00107039,GS00107049,Germany,DE,GS00107049,GC00106679,22582
9281,4,GS00107039,GS00107051,Germany,DE,GS00107051,GC00106679,NULL
9282,4,GS00107039,GS00107042,Germany,DE,GS00107042,GC00106679,22577
9283,4,GS00107039,GS00107054,Germany,DE,GS00107054,GC00106679,22575
9284,4,GS00107039,GS00107050,Germany,DE,GS00107050,GC00106679,22583
9285,3,GS0004615,GS0000544,Germany,DE,5198,GC0000517,NULL
9286,4,GS0000544,GS0000869,Germany,DE,5800,GC0000517,NULL
9287,3,GS0004615,GS0000572,Germany,DE,5233,GC0000543,23912
9288,4,GS0000572,GS0000915,Germany,DE,5858,GC0000543,23956
9289,4,GS0000572,GS0013203,Germany,DE,XY03643802,GC0000543,23963
9290,4,GS0000572,GS00107406,Germany,DE,GS00107406,GC0000543,23950
9291,4,GS0000572,GS0000916,Germany,DE,5859,GC0000543,23957
9292,4,GS0000572,GS0000914,Germany,DE,5857,GC0000543,23952
9293,3,GS0004615,GS0001152,Germany,DE,6200,GC0000672,NULL
9294,3,GS0004615,GS0000583,Germany,DE,5250,GC0000553,NULL
9295,4,GS0000583,GS0014200,Germany,DE,XY03645583,GC0000553,NULL
9296,4,GS0000583,GS0014422,Germany,DE,XY03645947,GC0000553,NULL
9297,4,GS0000583,GS0000941,Germany,DE,5885,GC0000553,NULL
9298,3,GS0004615,GS0000130,Germany,DE,4676,GC0000126,NULL
9299,3,GS0004615,GS0000153,Germany,DE,4703,GC0000149,NULL
9300,3,GS0004615,GS0000061,Germany,DE,4600,GC0000058,NULL
9301,3,GS0004615,GS0043910,Germany,DE,XY03669668,GC0034922,24012
9302,4,GS0043910,GS0043914,Germany,DE,XY03669672,GC0034922,24060
9303,4,GS0043910,GS0043912,Germany,DE,XY03669670,GC0034922,24059
9304,4,GS0043910,GS0043913,Germany,DE,XY03669671,GC0034922,24058
9305,4,GS0043910,GS0045692,Germany,DE,XY03671046,GC0034922,24063
9306,4,GS0043910,GS0045693,Germany,DE,XY03671047,GC0034922,24064
9307,3,GS0004615,GS0000479,Germany,DE,5111,GC0000462,NULL
9308,3,GS0004615,GS0000894,Germany,DE,5828,GC0000638,NULL
9309,4,GS0000894,GS0000888,Germany,DE,5819,GC0000638,NULL
9310,3,GS0004615,GS0000294,Germany,DE,4885,GC0000283,NULL
9311,3,GS0004615,GS0010389,Germany,DE,DE02351201,GC0008292,23512
9312,4,GS0010389,GS0000587,Germany,DE,5255,GC0008292,23563
9313,4,GS0010389,GS0000893,Germany,DE,5827,GC0008292,23570
9314,4,GS0010389,GS0001127,Germany,DE,6169,GC0008292,23562
9315,4,GS0010389,GS0001129,Germany,DE,6172,GC0008292,23565
9316,4,GS0010389,GS0000946,Germany,DE,5892,GC0008292,23553
9317,4,GS0010389,GS0000947,Germany,DE,5893,GC0008292,23554
9318,3,GS0004615,GS0000652,Germany,DE,5524,GC0000613,NULL
9319,3,GS0004615,GS0000236,Germany,DE,4807,GC0000229,NULL
9320,3,GS0004615,GS0000627,Germany,DE,5304,GC0000590,24314
9321,4,GS0000627,GS0001026,Germany,DE,5983,GC0000590,24350
9322,4,GS0000627,GS0021178,Germany,DE,XY03653552,GC0000590,NULL
9323,4,GS0000627,GS0001019,Germany,DE,5974,GC0000590,24357
9324,4,GS0000627,GS0001123,Germany,DE,6164,GC0000590,24367
9325,3,GS0004615,GS0000166,Germany,DE,4722,GC0000162,NULL
9326,3,GS0004615,GS0000629,Germany,DE,5307,GC0000592,24318
9327,4,GS0000629,GS0001024,Germany,DE,5981,GC0000592,24351
9328,4,GS0000629,GS0001025,Germany,DE,5982,GC0000592,24355
9329,3,GS0004615,GS0000640,Germany,DE,5326,GC0000601,24922
9330,4,GS0000640,GS0053081,Germany,DE,XY03676894,GC0000601,24951
9331,4,GS0000640,GS0022247,Germany,DE,XY03654673,GC0000601,NULL
9332,4,GS0000640,GS0001130,Germany,DE,6173,GC0000601,24959
9333,4,GS0000640,GS0001041,Germany,DE,6007,GC0000601,24956
9334,4,GS0000640,GS0001040,Germany,DE,6006,GC0000601,24955
9335,3,GS0004615,GS0000150,Germany,DE,4699,GC0000146,NULL
9336,3,GS0004615,GS0000469,Germany,DE,5100,GC0000453,NULL
9337,3,GS0004615,GS0000793,Germany,DE,5715,GC0000629,NULL
9338,3,GS0004615,GS0000617,Germany,DE,5294,GC0000582,24226
9339,4,GS0000617,GS0000999,Germany,DE,5953,GC0000582,24255
9340,4,GS0000617,GS0001000,Germany,DE,5954,GC0000582,24258
9341,4,GS0000617,GS00112098,Germany,DE,GS00112098,GC0000582,NULL
9342,3,GS0004615,GS0000547,Germany,DE,5201,GC0000519,22621
9343,4,GS0000547,GS0000873,Germany,DE,5804,GC0000519,22657
9344,4,GS0000547,GS0000874,Germany,DE,5805,GC0000519,22658
9345,4,GS0000547,GS0001225,Germany,DE,6362,GC0000519,2262176
9346,4,GS0000547,GS0034798,Germany,DE,XY03662881,GC0000519,NULL
9347,4,GS0000547,GS0013199,Germany,DE,XY03643796,GC0000519,NULL
9348,4,GS0000547,GS0017873,Germany,DE,XY03650052,GC0000519,NULL
9349,3,GS0004615,GS0000566,Germany,DE,5224,GC0000538,22919
9350,4,GS0000566,GS0016984,Germany,DE,XY03649081,GC0000538,NULL
9351,4,GS0000566,GS0034175,Germany,DE,XY03662526,GC0000538,NULL
9352,4,GS0000566,GS0015114,Germany,DE,XY03646997,GC0000538,22955
9353,4,GS0000566,GS0056609,Germany,DE,XY03679859,GC0000538,22957
9354,4,GS0000566,GS0056401,Germany,DE,XY03679703,GC0000538,22956
9355,4,GS0000566,GS0056610,Germany,DE,XY03679860,GC0000538,22959
9356,3,GS0004615,GS0000075,Germany,DE,4615,GC0000071,NULL
9357,3,GS0004615,GS0000118,Germany,DE,4664,GC0000114,NULL
9358,3,GS0004615,GS0000173,Germany,DE,4733,GC0000169,NULL
9359,3,GS0004615,GS0000567,Germany,DE,5225,GC0000539,NULL
9360,3,GS0004615,GS0013204,Germany,DE,XY03643803,GC0010602,24241
9361,4,GS0013204,GS00110934,Germany,DE,GS00110934,GC0010602,NULL
9362,4,GS0013204,GS0013255,Germany,DE,XY03643873,GC0010602,24293
9363,3,GS0004615,GS0000543,Germany,DE,5197,GC0000516,22613
9364,4,GS0000543,GS00111396,Germany,DE,GS00111396,GC0000516,22690
9365,4,GS0000543,GS0001228,Germany,DE,6367,GC0000516,22672
9366,4,GS0000543,GS0057100,Germany,DE,XY03680287,GC0000516,22655
9367,4,GS0000543,GS00111397,Germany,DE,GS00111397,GC0000516,22692
9368,4,GS0000543,GS00112088,Germany,DE,GS00112088,GC0000516,NULL
9369,4,GS0000543,GS00111398,Germany,DE,GS00111398,GC0000516,NULL
9370,4,GS0000543,GS00112040,Germany,DE,GS00112040,GC0000516,NULL
9371,4,GS0000543,GS0057099,Germany,DE,XY03680286,GC0000516,22652
9372,4,GS0000543,GS00112089,Germany,DE,GS00112089,GC0000516,NULL
9373,4,GS0000543,GS00111395,Germany,DE,GS00111395,GC0000516,22687
9374,4,GS0000543,GS0001229,Germany,DE,6368,GC0000516,22673
9375,3,GS0004615,GS0000026,Germany,DE,4561,GC0000023,NULL
9376,3,GS0004615,GS0000638,Germany,DE,5321,GC0000599,24815
9377,4,GS0000638,GS0045157,Germany,DE,XY03670627,GC0000599,24850
9378,3,GS0004615,GS0000602,Germany,DE,5279,GC0000568,NULL
9379,4,GS0000602,GS0010095,Germany,DE,DE00003370,GC0000568,NULL
9380,3,GS0004615,GS0000508,Germany,DE,5149,GC0000490,21711
9381,4,GS0000508,GS0000801,Germany,DE,5723,GC0000490,21765
9382,4,GS0000508,GS0000802,Germany,DE,5724,GC0000490,NULL
9383,4,GS0000508,GS0000803,Germany,DE,5725,GC0000490,21778
9384,3,GS0004615,GS00103596,Germany,DE,GP00003470,GC00103438,NULL
9385,3,GS0004615,GS0013858,Germany,DE,XY03645003,GC0011085,NULL
9386,4,GS0013858,GS0021318,Germany,DE,XY03653697,GC0011085,NULL
9387,4,GS0013858,GS0020900,Germany,DE,XY03653259,GC0011085,NULL
9388,4,GS0013858,GS0020330,Germany,DE,XY03652667,GC0011085,NULL
9389,4,GS0013858,GS0020899,Germany,DE,XY03653258,GC0011085,NULL
9390,3,GS0004615,GS0005121,Germany,DE,DE000261,GC0003698,NULL
9391,3,GS0004615,GS0000071,Germany,DE,4610,GC0000068,NULL
9392,3,GS0004615,GS0000100,Germany,DE,4641,GC0000096,NULL
9393,3,GS0004615,GS0000489,Germany,DE,5122,GC0000471,21220
9394,4,GS0000489,GS0001192,Germany,DE,6267,GC0000471,21257
9395,4,GS0000489,GS0040610,Germany,DE,XY03667142,GC0000471,21254
9396,4,GS0000489,GS0038343,Germany,DE,XY03665476,GC0000471,NULL
9397,4,GS0000489,GS0038334,Germany,DE,XY03665472,GC0000471,NULL
9398,4,GS0000489,GS0038344,Germany,DE,XY03665477,GC0000471,NULL
9399,4,GS0000489,GS0038335,Germany,DE,XY03665473,GC0000471,NULL
9400,3,GS0004615,GS0000630,Germany,DE,5309,GC0000593,24323
9401,4,GS0000630,GS0049864,Germany,DE,XY03674289,GC0000593,NULL
9402,4,GS0000630,GS0000712,Germany,DE,5627,GC0000593,24371
9403,4,GS0000630,GS0001027,Germany,DE,5984,GC0000593,24370
9404,4,GS0000630,GS0013205,Germany,DE,XY03643804,GC0000593,NULL
9405,4,GS0000630,GS0013206,Germany,DE,XY03643805,GC0000593,NULL
9406,4,GS0000630,GS0001028,Germany,DE,5985,GC0000593,24368
9407,3,GS0004615,GS0000461,Germany,DE,5092,GC0000446,20310
9408,4,GS0000461,GS0032596,Germany,DE,XY03661305,GC0000446,20368
9409,4,GS0000461,GS0019912,Germany,DE,XY03652225,GC0000446,20366
9410,4,GS0000461,GS0025818,Germany,DE,XY03655646,GC0000446,NULL
9411,4,GS0000461,GS0000720,Germany,DE,5636,GC0000446,20357
9412,4,GS0000461,GS0000716,Germany,DE,5632,GC0000446,20353
9413,3,GS0004615,GS0000549,Germany,DE,5203,GC0000521,NULL
9414,3,GS0004615,GS0000511,Germany,DE,5152,GC0000493,NULL
9415,3,GS0004615,GS0000637,Germany,DE,5319,GC0000598,24712
9416,4,GS0000637,GS0001034,Germany,DE,5996,GC0000598,24752
9417,4,GS0000637,GS0001036,Germany,DE,5998,GC0000598,24754
9418,4,GS0000637,GS0017611,Germany,DE,XY03649740,GC0000598,NULL
9419,4,GS0000637,GS0028275,Germany,DE,XY03657927,GC0000598,24756
9420,4,GS0000637,GS0001035,Germany,DE,5997,GC0000598,24753
9421,3,GS0004615,GS0000486,Germany,DE,5118,GC0000468,21012
9422,4,GS0000486,GS0049546,Germany,DE,XY03674044,GC0000468,NULL
9423,4,GS0000486,GS0013187,Germany,DE,XY03643778,GC0000468,NULL
9424,4,GS0000486,GS0021799,Germany,DE,XY03654201,GC0000468,NULL
9425,4,GS0000486,GS0014051,Germany,DE,XY03645332,GC0000468,NULL
9426,3,GS0004615,GS0000596,Germany,DE,5268,GC0000564,23822
9427,4,GS0000596,GS0000971,Germany,DE,5923,GC0000564,23855
9428,4,GS0000596,GS0078120,Germany,DE,XY03699827,GC0000564,23861
9429,4,GS0000596,GS0078119,Germany,DE,XY03699826,GC0000564,23860
9430,4,GS0000596,GS0000968,Germany,DE,5917,GC0000564,23851
9431,4,GS0000596,GS0001172,Germany,DE,6237,GC0000564,23858
9432,4,GS0000596,GS0078121,Germany,DE,XY03699828,GC0000564,23862
9433,4,GS0000596,GS0022329,Germany,DE,XY03654758,GC0000564,23859
9434,3,GS0004615,GS0000148,Germany,DE,4696,GC0000144,NULL
9435,3,GS0004615,GS0000467,Germany,DE,5098,GC0000451,20414
9436,4,GS0000467,GS0000726,Germany,DE,5643,GC0000451,20450
9437,4,GS0000467,GS00112085,Germany,DE,GS00112085,GC0000451,NULL
9438,4,GS0000467,GS0000727,Germany,DE,5644,GC0000451,20452
9439,3,GS0004615,GS0000499,Germany,DE,5136,GC0000481,21415
9440,4,GS0000499,GS0000775,Germany,DE,5694,GC0000481,21463
9441,4,GS0000499,GS0001133,Germany,DE,6176,GC0000481,21481
9442,4,GS0000499,GS0000774,Germany,DE,5693,GC0000481,2141518
9443,3,GS0004615,GS0000419,Germany,DE,5036,GC0000404,NULL
9444,3,GS0004615,GS0000405,Germany,DE,5021,GC0000390,NULL
9445,3,GS0004615,GS0021180,Germany,DE,XY03653554,GC0016676,23623
9446,4,GS0021180,GS0021258,Germany,DE,XY03653636,GC0016676,NULL
9447,4,GS0021180,GS0021177,Germany,DE,XY03653551,GC0016676,23665
9448,4,GS0021180,GS0021186,Germany,DE,XY03653562,GC0016676,23662
9449,4,GS0021180,GS0021179,Germany,DE,XY03653553,GC0016676,23666
9450,4,GS0021180,GS0021183,Germany,DE,XY03653557,GC0016676,23663
9451,4,GS0021180,GS00110448,Germany,DE,GS00110448,GC0016676,NULL
9452,4,GS0021180,GS0021181,Germany,DE,XY03653555,GC0016676,23664
9453,4,GS0021180,GS0021182,Germany,DE,XY03653556,GC0016676,23661
9454,3,GS0004615,GS0000109,Germany,DE,4655,GC0000105,NULL
9455,4,GS0000109,GS0000674,Germany,DE,5582,GC0000105,NULL
9456,3,GS0004615,GS0001194,Germany,DE,6271,GC0000684,22726
9457,4,GS0001194,GS0014192,Germany,DE,XY03645574,GC0000684,NULL
9458,4,GS0001194,GS0001198,Germany,DE,6275,GC0000684,NULL
9459,4,GS0001194,GS0013202,Germany,DE,XY03643800,GC0000684,NULL
9460,4,GS0001194,GS0001197,Germany,DE,6274,GC0000684,NULL
9461,4,GS0001194,GS0041413,Germany,DE,XY03667769,GC0000684,NULL
9462,3,GS0004615,GS0000612,Germany,DE,5289,GC0000577,24214
9463,4,GS0000612,GS0000988,Germany,DE,5942,GC0000577,24250
9464,4,GS0000612,GS0000989,Germany,DE,5943,GC0000577,24251
9465,4,GS0000612,GS0039779,Germany,DE,XY03666508,GC0000577,24259
9466,4,GS0000612,GS0038345,Germany,DE,XY03665478,GC0000577,NULL
9467,4,GS0000612,GS0009487,Germany,DE,DE00002151,GC0000577,NULL
9468,4,GS0000612,GS0000990,Germany,DE,5944,GC0000577,24252
9469,3,GS0004615,GS0000458,Germany,DE,5081,GC0000443,NULL
9470,3,GS0004615,GS0000671,Germany,DE,5578,GC0000619,NULL
9471,3,GS0004615,GS0001191,Germany,DE,6264,GC0000683,NULL
9472,3,GS0004615,GS0000581,Germany,DE,5246,GC0000551,NULL
9473,3,GS0004615,GS0000641,Germany,DE,5327,GC0000602,NULL
9474,3,GS0004615,GS0005160,Germany,DE,DE000310,GC0003723,NULL
9475,3,GS0004615,GS0000060,Germany,DE,4599,GC0000057,NULL
9476,3,GS0004615,GS0000645,Germany,DE,5468,GC0000606,NULL
9477,3,GS0004615,GS0000398,Germany,DE,5013,GC0000384,NULL
9478,3,GS0004615,GS0000503,Germany,DE,5142,GC0000485,21610
9479,4,GS0000503,GS0049592,Germany,DE,XY03674078,GC0000485,NULL
9480,4,GS0000503,GS0008493,Germany,DE,DE00000176,GC0000485,21658
9481,4,GS0000503,GS0008495,Germany,DE,DE00000178,GC0000485,21660
9482,4,GS0000503,GS0000786,Germany,DE,5708,GC0000485,21664
9483,4,GS0000503,GS0000787,Germany,DE,5709,GC0000485,21665
9484,4,GS0000503,GS0000783,Germany,DE,5705,GC0000485,21661
9485,4,GS0000503,GS0000784,Germany,DE,5706,GC0000485,21662
9486,4,GS0000503,GS0000785,Germany,DE,5707,GC0000485,21663
9487,3,GS0004615,GS0000516,Germany,DE,5157,GC0000497,21727
9488,4,GS0000516,GS0000821,Germany,DE,5743,GC0000497,21756
9489,4,GS0000516,GS0000822,Germany,DE,5744,GC0000497,21761
9490,4,GS0000516,GS0038347,Germany,DE,XY03665480,GC0000497,NULL
9491,4,GS0000516,GS0015032,Germany,DE,XY03646888,GC0000497,NULL
9492,4,GS0000516,GS0000820,Germany,DE,5742,GC0000497,21752
9493,4,GS0000516,GS0010385,Germany,DE,DE02178201,GC0000497,21782
9494,4,GS0000516,GS0014180,Germany,DE,XY03645553,GC0000497,21760
9495,4,GS0000516,GS0001184,Germany,DE,6255,GC0000497,21779
9496,3,GS0004615,GS0000024,Germany,DE,4559,GC0000021,NULL
9497,3,GS0004615,GS0000615,Germany,DE,5292,GC0000580,NULL
9498,3,GS0004615,GS0000209,Germany,DE,4774,GC0000204,NULL
9499,3,GS0004615,GS0000480,Germany,DE,5112,GC0000463,NULL
9500,3,GS0004615,GS0000113,Germany,DE,4659,GC0000109,NULL
9501,3,GS0004615,GS0000548,Germany,DE,5202,GC0000520,NULL
9502,4,GS0000548,GS0000875,Germany,DE,5806,GC0000520,NULL
9503,3,GS0004615,GS0000028,Germany,DE,4563,GC0000025,NULL
9504,3,GS0004615,GS0000698,Germany,DE,5609,GC0000625,NULL
9505,3,GS0004615,GS0000478,Germany,DE,5110,GC0000461,20927
9506,4,GS0000478,GS0016795,Germany,DE,XY03648879,GC0000461,20965
9507,4,GS0000478,GS0000522,Germany,DE,5170,GC0000461,20959
9508,4,GS0000478,GS0016794,Germany,DE,XY03648878,GC0000461,20964
9509,4,GS0000478,GS0016796,Germany,DE,XY03648880,GC0000461,20966
9510,4,GS0000478,GS0000484,Germany,DE,5116,GC0000461,20958
9511,4,GS0000478,GS0017036,Germany,DE,XY03649133,GC0000461,NULL
9512,3,GS0004615,GS0000466,Germany,DE,5097,GC0000450,20413
9513,4,GS0000466,GS0001219,Germany,DE,6325,GC0000450,20464
9514,4,GS0000466,GS0000465,Germany,DE,5096,GC0000450,20463
9515,3,GS0004615,GS0001112,Germany,DE,6147,GC0000664,24240
9516,4,GS0001112,GS0000995,Germany,DE,5949,GC0000664,24254
9517,4,GS0001112,GS0000996,Germany,DE,5950,GC0000664,24262
9518,4,GS0001112,GS0001113,Germany,DE,6148,GC0000664,24287
9519,4,GS0001112,GS0001012,Germany,DE,5966,GC0000664,24278
9520,4,GS0001112,GS00110330,Germany,DE,GS00110330,GC0000664,NULL
9521,3,GS0004615,GS0000357,Germany,DE,4964,GC0000343,NULL
9522,3,GS0004615,GS0014078,Germany,DE,XY03645383,GC0011280,24230
9523,4,GS0014078,GS0001002,Germany,DE,5956,GC0011280,24268
9524,4,GS0014078,GS0000354,Germany,DE,4960,GC0011280,24292
9525,4,GS0014078,GS0026621,Germany,DE,XY03656319,GC0011280,NULL
9526,4,GS0014078,GS0001001,Germany,DE,5955,GC0011280,24267
9527,4,GS0014078,GS0062056,Germany,DE,XY03684878,GC0011280,24273
9528,4,GS0014078,GS0022538,Germany,DE,XY03654983,GC0011280,24257
9529,3,GS0004615,GS0000369,Germany,DE,4980,GC0000355,NULL
9530,3,GS0004615,GS0000245,Germany,DE,4820,GC0000235,NULL
9531,3,GS0004615,GS0000514,Germany,DE,5155,GC0000495,NULL
9532,3,GS0004615,GS0000041,Germany,DE,4577,GC0000038,NULL
9533,3,GS0004615,GS0000441,Germany,DE,5060,GC0000426,NULL
9534,3,GS0004615,GS0000213,Germany,DE,4778,GC0000208,NULL
9535,3,GS0004615,GS0001195,Germany,DE,6272,GC0000685,NULL
9536,4,GS0001195,GS0009985,Germany,DE,DE00003260,GC0000685,NULL
9537,3,GS0004615,GS0000313,Germany,DE,4911,GC0000302,NULL
9538,3,GS0004615,GS0000286,Germany,DE,4876,GC0000275,NULL
9539,3,GS0004615,GS0000498,Germany,DE,5135,GC0000480,NULL
9540,3,GS0004615,GS0000509,Germany,DE,5150,GC0000491,21713
9541,4,GS0000509,GS0013191,Germany,DE,XY03643784,GC0000491,NULL
9542,4,GS0000509,GS0000804,Germany,DE,5726,GC0000491,21763
9543,3,GS0004615,GS0000491,Germany,DE,5127,GC0000473,NULL
9544,4,GS0000491,GS0000751,Germany,DE,5670,GC0000473,NULL
9545,4,GS0000491,GS0000752,Germany,DE,5671,GC0000473,NULL
9546,3,GS0004615,GS0000394,Germany,DE,5009,GC0000380,NULL
9547,3,GS0004615,GS0032622,Germany,DE,XY03661316,GC0026326,24416
9548,4,GS0032622,GS0032623,Germany,DE,XY03661317,GC0026326,24456
9549,3,GS0004615,GS0000347,Germany,DE,4952,GC0000334,NULL
9550,3,GS0004615,GS0005153,Germany,DE,DE000301,GC0003720,NULL
9551,3,GS0004615,GS0000515,Germany,DE,5156,GC0000496,21723
9552,4,GS0000515,GS0000818,Germany,DE,5740,GC0000496,21773
9553,4,GS0000515,GS0000816,Germany,DE,5738,GC0000496,21770
9554,4,GS0000515,GS0000813,Germany,DE,5735,GC0000496,21767
9555,4,GS0000515,GS0017116,Germany,DE,XY03649216,GC0000496,NULL
9556,4,GS0000515,GS0000815,Germany,DE,5737,GC0000496,21769
9557,4,GS0000515,GS0014321,Germany,DE,XY03645779,GC0000496,NULL
9558,4,GS0000515,GS00112086,Germany,DE,GS00112086,GC0000496,NULL
9559,4,GS0000515,GS0000817,Germany,DE,5739,GC0000496,21772
9560,3,GS0004615,GS0000557,Germany,DE,5212,GC0000529,NULL
9561,3,GS0004615,GS0000423,Germany,DE,5040,GC0000408,NULL
9562,3,GS0004615,GS0000951,Germany,DE,5899,GC0000646,23517
9563,4,GS0000951,GS0000952,Germany,DE,5900,GC0000646,23558
9564,4,GS0000951,GS0019952,Germany,DE,XY03652266,GC0000646,23578
9565,4,GS0000951,GS0001226,Germany,DE,6363,GC0000646,23569
9566,4,GS0000951,GS0000953,Germany,DE,5901,GC0000646,23559
9567,3,GS0004615,GS0029716,Germany,DE,XY03659012,GC0023965,22637
9568,4,GS0029716,GS0029739,Germany,DE,XY03659029,GC0023965,22670
9569,4,GS0029716,GS0029738,Germany,DE,XY03659028,GC0023965,22653
9570,3,GS0004615,GS0046821,Germany,DE,XY03671958,GC0037036,20925
9571,4,GS0046821,GS0046825,Germany,DE,XY03671962,GC0037036,20967
9572,4,GS0046821,GS0046826,Germany,DE,XY03671963,GC0037036,NULL
9573,4,GS0046821,GS0046823,Germany,DE,XY03671960,GC0037036,20968
9574,3,GS0004615,GS0000505,Germany,DE,5144,GC0000487,NULL
9575,4,GS0000505,GS0000792,Germany,DE,5714,GC0000487,NULL
9576,4,GS0000505,GS0000791,Germany,DE,5713,GC0000487,NULL
9577,3,GS0004615,GS0000551,Germany,DE,5205,GC0000523,22641
9578,4,GS0000551,GS00110581,Germany,DE,GS00110581,GC0000523,NULL
9579,4,GS0000551,GS0010388,Germany,DE,DE02267701,GC0000523,22677
9580,4,GS0000551,GS0016898,Germany,DE,XY03648984,GC0000523,NULL
9581,4,GS0000551,GS0000870,Germany,DE,5801,GC0000523,22675
9582,4,GS0000551,GS0025567,Germany,DE,XY03655432,GC0000523,22662
9583,4,GS0000551,GS00112091,Germany,DE,GS00112091,GC0000523,NULL
9584,4,GS0000551,GS00110549,Germany,DE,GS00110549,GC0000523,22671
9585,4,GS0000551,GS0000545,Germany,DE,5199,GC0000523,22674
9586,3,GS0004615,GS0000880,Germany,DE,5811,GC0000635,NULL
9587,3,GS0004615,GS0000477,Germany,DE,5109,GC0000460,20926
9588,4,GS0000477,GS0001142,Germany,DE,6186,GC0000460,20957
9589,4,GS0000477,GS0000828,Germany,DE,5753,GC0000460,20961
9590,4,GS0000477,GS0001141,Germany,DE,6185,GC0000460,20956
9591,4,GS0000477,GS0000521,Germany,DE,5169,GC0000460,20960
9592,3,GS0004615,GS0000500,Germany,DE,5137,GC0000482,21416
9593,4,GS0000500,GS0000778,Germany,DE,5697,GC0000482,21468
9594,4,GS0000500,GS0037537,Germany,DE,XY03664994,GC0000482,21451
9595,4,GS0000500,GS0000776,Germany,DE,5695,GC0000482,21466
9596,3,GS0004615,GS0000562,Germany,DE,5217,GC0000534,NULL
9597,3,GS0004615,GS0000314,Germany,DE,4912,GC0000303,NULL
9598,3,GS0004615,GS0000380,Germany,DE,4993,GC0000366,NULL
9599,3,GS0004615,GS0001038,Germany,DE,6003,GC0000649,NULL
9600,3,GS0004615,GS0000224,Germany,DE,4791,GC0000218,NULL
9601,3,GS0004615,GS0000541,Germany,DE,5192,GC0000514,22519
9602,4,GS0000541,GS0000867,Germany,DE,5796,GC0000514,22553
9603,4,GS0000541,GS0014698,Germany,DE,XY03646344,GC0000514,22570
9604,4,GS0000541,GS0031729,Germany,DE,XY03660569,GC0000514,22550
9605,3,GS0004615,GS0000124,Germany,DE,4670,GC0000120,NULL
9606,3,GS0004615,GS0000218,Germany,DE,4784,GC0000212,NULL
9607,3,GS0004615,GS0000232,Germany,DE,4800,GC0000225,NULL
9608,3,GS0004615,GS0000622,Germany,DE,5299,GC0000585,NULL
9609,4,GS0000622,GS0001168,Germany,DE,6230,GC0000585,NULL
9610,4,GS0000622,GS0001010,Germany,DE,5964,GC0000585,NULL
9611,4,GS0000622,GS0001167,Germany,DE,6229,GC0000585,NULL
9612,3,GS0004615,GS0000421,Germany,DE,5038,GC0000406,NULL
9613,3,GS0004615,GS0043867,Germany,DE,XY03669636,GC0034886,23618
9614,4,GS0043867,GS0043869,Germany,DE,XY03669638,GC0034886,23652
9615,4,GS0043867,GS0045681,Germany,DE,XY03671037,GC0034886,23670
9616,4,GS0043867,GS0043868,Germany,DE,XY03669637,GC0034886,23651
9617,4,GS0043867,GS0045674,Germany,DE,XY03671029,GC0034886,23654
9618,4,GS0043867,GS0075857,Germany,DE,XY03697790,GC0034886,NULL
9619,3,GS0004615,GS0000262,Germany,DE,4843,GC0000252,NULL
9620,3,GS0004615,GS0001106,Germany,DE,6140,GC0000660,NULL
9621,4,GS0001106,GS0001076,Germany,DE,6106,GC0000660,NULL
9622,4,GS0001106,GS0000519,Germany,DE,5165,GC0000660,NULL
9623,4,GS0001106,GS0001244,Germany,DE,6414,GC0000660,NULL
9624,4,GS0001106,GS0014141,Germany,DE,XY03645487,GC0000660,NULL
9625,3,GS0004615,GS0000554,Germany,DE,5209,GC0000526,NULL
9626,4,GS0000554,GS0009983,Germany,DE,DE00003258,GC0000526,NULL
9627,4,GS0000554,GS0009984,Germany,DE,DE00003259,GC0000526,NULL
9628,3,GS0004615,GS0000722,Germany,DE,5638,GC0000626,NULL
